appic_numbers,program,degree
"[1552, 1420, 1323, 1492, 1496]",Counseling,PhD
"[1177, 2265, 1598, 1405]",Clinical,PhD
"[1177, 2265]",Clinical,PhD
"[1177, 2265]",Clinical,PhD
"[1177, 2265]",Clinical,PhD
"[1177, 2265]",Clinical,PhD
"[1177, 2265]",Clinical,PhD
"[1177, 2265, 1405]",Clinical,PhD
"[1457, 1495, 1180]",Clinical,PsyD
"[1457, 1495, 1180]",Clinical,PsyD
"[1457, 1180]",Clinical,PsyD
"[1457, 1180]",Clinical,PsyD
"[1457, 1180]",Clinical,PsyD
"[1547, 1350, 1267, 1136]",Counseling,PhD
"[1197, 2556]",Clinical,PsyD
"[2564, 2000]",Clinical,PhD
"[2564, 2000]",Clinical,PhD
"[2564, 2000]",Clinical,PhD
"[2564, 2000]",Clinical,PhD
"[2564, 2000]",Clinical,PhD
"[2564, 1747, 2000, 2029]",Clinical,PhD
"[1442, 1242]",Clinical,PhD
"[1329, 1323]",Clinical,PhD
"[1599, 1671]",Counseling,PhD
"[1323, 1329]",Clinical,PhD
"[1543, 1453]",Counseling,PhD
"[1436, 1601]",School,PhD
"[1436, 1601]",School,PhD
"[1156, 1275, 1621]",Clinical,PhD
"[2531, 1591]",Clinical,PsyD
"[1155, 1125, 1409]",Clinical,PhD
"[2206, 2337, 1591]",Counseling,PsyD
"[2206, 2337, 1591]",Counseling,PsyD
"[2206, 2337, 1792, 2301]",Counseling,PsyD
"[1313, 1627, 1635, 1783]",Clinical,PsyD
"[1908, 1354]",Clinical,PsyD
"[1348, 1152]",Clinical,PhD
"[1286, 1629, 2172, 1387]",Clinical,PsyD
"[1572, 1747, 2321, 2499]",Clinical,PhD
"[1572, 1747, 2321, 2499]",Clinical,PhD
"[1187, 1197, 1538, 2413, 1503, 1390, 1948, 1601, 2052]",Clinical,PhD
"[1187, 1197, 1538, 2413, 1503, 1390, 1948, 1601, 2052]",Clinical,PhD
"[1187, 1747, 2321, 2499]",Clinical,PhD
"[1187, 2321, 2499]",Clinical,PhD
"[1187, 2321, 2499, 1613]",Clinical,PhD
"[1187, 2321, 2499, 1613]",Clinical,PhD
"[1187, 2321, 2499, 1613]",Clinical,PhD
"[1639, 1294, 1344, 1509, 1650, 1314, 2297, 1637, 1495]",Clinical,PhD
"[1619, 1266]",Clinical,PhD
"[1472, 1476, 1487]",Clinical,PhD
"[1472, 1476, 1487]",Clinical,PhD
"[1619, 1266, 1409, 1329]",Clinical,PhD
"[1475, 1982, 1443, 2052]",School,PsyD
"[1443, 1475]",School,PsyD
"[1407, 1627, 2454]",Clinical,PsyD
"[1407, 1627, 2454]",Clinical,PsyD
"[1407, 1627, 2454, 1393]",Clinical,PsyD
"[1407, 1627, 2454, 1393]",Clinical,PsyD
"[1407, 1627, 2454, 1393]",Clinical,PsyD
"[1525, 1134]",Clinical,PhD
"[1752, 2117, 1751, 1177, 2279, 1369]",Counseling,PhD
"[1344, 1509, 1197]",School,PhD
"[1334, 1476]",Clinical,PsyD
"[1380, 1476, 1334]",Clinical,PsyD
"[1380, 1334]",Clinical,PsyD
"[1380, 1331]",Clinical,PsyD
"[1380, 1331, 1465]",Clinical,PsyD
"[1453, 1446, 1457]",Clinical,PhD
"[1453, 1446, 1457]",Clinical,PhD
"[1380, 1465]",Clinical,PsyD
"[1453, 1446, 1457]",Clinical,PhD
"[2221, 1198, 1318, 1207, 1324, 1322, 1235, 1233, 1220]",Clinical,PsyD
"[2221, 1198, 1318, 1207, 1324, 1322, 1235, 1233, 1220]",Clinical,PsyD
"[1401, 1771, 1307, 1502, 1316, 2205]",Clinical,PsyD
"[2052, 2410, 1796]",Clinical,PsyD
"[2052, 2410, 1796]",Clinical,PsyD
"[2052, 2410, 1796]",Clinical,PsyD
"[2052, 2410, 1796]",Clinical,PsyD
"[2052, 2410, 1796]",Clinical,PsyD
"[1624, 2090, 2034, 2322]",Clinical,PsyD
"[1902, 2026]",Clinical,PsyD
"[1184, 1306]",Clinical,PhD
"[1954, 1637]",Counseling,PhD
"[1954, 1637]",Counseling,PhD
"[1422, 2260]",Counseling,PhD
"[1422, 2260]",Counseling,PhD
"[1440, 1543, 1174, 1437, 1436, 1682, 1542, 1177, 2323, 1173, 1176]",Counseling,PhD
"[1207, 1233, 1407, 2175, 1555, 2166, 2214, 2365]",Clinical,PsyD
"[1364, 1619]",Clinical,PhD
"[1598, 2152]",Counseling,PhD
"[1598, 2152]",Counseling,PhD
"[1598, 2152]",Counseling,PhD
"[1598, 2152]",Counseling,PhD
"[1409, 1265, 1619]",Clinical,PhD
"[1442, 1242]",Counseling,PhD
"[1619, 1621, 1413]",Clinical,PhD
"[1334, 1495, 1457, 1180, 2095, 1450, 1444, 1422, 2019, 1430, 1440, 1460, 1746]",Clinical,PsyD
"[1277, 1293, 1387, 1539, 1640, 1406, 1355, 2146, 2188]",Clinical,PsyD
"[1213, 1197]",School,PhD
"[1902, 1146, 1413, 1294, 1771, 2457, 2294]",Clinical,PhD
"[2406, 1176]",School,PhD
"[1586, 1569, 1247]",Clinical,PsyD
"[1147, 1453]",Clinical,PhD
"[2052, 2410, 1230]",Clinical,PsyD
"[1542, 1640]",Clinical,PsyD
"[2508, 1551, 1747, 1443, 1771, 1341]",Clinical,PhD
"[1491, 1196, 1369, 1358, 1663, 1751, 1454, 1752, 1492]",Clinical,PsyD
"[1205, 1409]",Clinical,PhD
"[1205, 1409, 1639]",Clinical,PhD
"[2474, 2297, 1455, 2404]",Clinical,PsyD
"[1155, 1125]",Clinical,PhD
"[1155, 1125, 1134, 1266]",Clinical,PhD
"[1155, 1134, 1266]",Clinical,PhD
"[2263, 2129]",Clinical,PsyD
"[2263, 1136]",Clinical,PsyD
"[2263, 2642]",Clinical,PsyD
"[2263, 2642]",Clinical,PsyD
"[2263, 2642]",Clinical,PsyD
"[2642, 2263]",Clinical,PsyD
"[2642, 2263]",Clinical,PsyD
"[2642, 2263]",Counseling,PhD
"[2642, 2263]",Clinical,PhD
"[2642, 2263]",Clinical,EdD
"[1514, 1223]",Clinical,EdD
"[1514, 2263]",Clinical,EdD
"[1514, 2263]",Clinical,PhD
"[1514, 2263]",Clinical,PhD
"[2263, 1197]",Clinical,PhD
"[1973, 1398]",Counseling,PhD
"[2530, 2455]",School,PsyD
"[2530, 2455]",School,PsyD
"[2530, 2455]",School,PsyD
"[2530, 2455]",School,PsyD
"[2530, 2455]",School,PsyD
"[2530, 2455]",School,PsyD
"[2530, 2455]",School,PsyD
"[2530, 2455]",School,PsyD
"[2530, 2455]",School,PsyD
"[2404, 1264]",Counseling,PhD
"[2404, 1264]",Counseling,PhD
"[2404, 2508]",Counseling,PhD
"[2404, 2508]",Counseling,PhD
"[2367, 1960, 1593]",Counseling,PhD
"[2367, 1960, 1593]",Counseling,PhD
"[1538, 1197]",School,PhD
"[1538, 1197]",School,PhD
"[1538, 1197]",School,PhD
"[1464, 1471, 1458]",Clinical,PhD
"[1464, 1471, 1458]",Clinical,PhD
"[1464, 1471, 1458]",Clinical,PhD
"[2012, 1229]",Clinical,PhD
"[1551, 1621]",Clinical,PhD
"[1538, 1197]",School,PhD
"[2029, 2000]",School,PhD
"[1458, 1399]",Clinical,PhD
"[1458, 1399]",Clinical,PhD
"[1620, 1582, 1303]",Clinical,PsyD
"[1620, 1582, 1303]",Clinical,PsyD
"[1267, 1350, 1598, 1136, 1547]",Counseling,PhD
"[1267, 1350, 1598, 1136, 1547]",Counseling,PhD
"[1552, 1265]",Clinical,PhD
"[1552, 1265]",Clinical,PhD
"[1162, 1792]",School,PhD
"[1162, 2457]",School,PhD
"[1138, 1129]",Clinical,PsyD
"[1138, 1129]",Clinical,PsyD
"[1138, 1129]",Clinical,PsyD
"[1138, 1129]",Clinical,PsyD
"[1138, 1129]",Clinical,PsyD
"[1183, 1551]",Clinical,PhD
"[1183, 1551]",Clinical,PhD
"[1183, 1551]",Clinical,PhD
"[1183, 1551]",Clinical,PhD
"[1183, 1551]",Clinical,PhD
"[1183, 1551]",Clinical,PhD
"[1183, 1551]",Clinical,PhD
"[1183, 1551]",Clinical,PhD
"[1183, 1551]",Clinical,PhD
"[1183, 1551]",Clinical,PhD
"[1183, 1551]",Clinical,PhD
"[1183, 1551]",Clinical,PhD
"[2624, 1403]",Clinical,PhD
"[2624, 1403]",Clinical,PhD
"[2624, 1403]",Clinical,PhD
"[2624, 1403]",Clinical,PhD
"[2624, 1403]",Clinical,PhD
"[2624, 1403]",Clinical,PhD
"[2624, 1403]",Clinical,PhD
"[2624, 1403]",Clinical,PhD
"[2624, 1403]",Clinical,PhD
"[2624, 1403]",Clinical,PhD
"[2624, 1403]",Clinical,PhD
"[2624, 1403]",Clinical,PhD
"[2624, 1403]",Clinical,PhD
"[2624, 1403]",Clinical,PhD
"[2624, 1403]",Clinical,PhD
"[2624, 1403]",Clinical,PhD
"[2624, 1403]",Clinical,PhD
"[2624, 1403]",Clinical,PhD
"[2624, 1403]",Clinical,PhD
"[2624, 1403]",Clinical,PhD
"[2624, 1403]",Clinical,PhD
"[2624, 1403]",Clinical,PhD
"[2624, 1403]",Clinical,PhD
"[2624, 1403]",Clinical,PhD
"[2624, 1403]",Clinical,PhD
"[2624, 1403]",Clinical,PhD
"[2624, 1403]",Clinical,PhD
"[2624, 1403]",Clinical,PhD
"[2624, 1403]",Clinical,PhD
"[2624, 1403]",Clinical,PhD
"[2624, 1403]",Clinical,PhD
"[2624, 1403]",Clinical,PhD
"[2624, 1403]",Clinical,PhD
"[2624, 1403]",Clinical,PhD
"[2624, 1403]",Clinical,PhD
"[2624, 1403]",Clinical,PhD
"[2624, 1403]",Counseling,PsyD
"[2624, 1403]",Counseling,PsyD
"[2624, 1403]",Counseling,PhD
"[2624, 1403]",Clinical,PhD
"[2624, 1403]",Clinical,PhD
"[2624, 1403]",Clinical,PhD
"[2624, 1403]",Clinical,PhD
"[1548, 2494, 1947]",School,PsyD
"[2624, 1318]",Clinical,PhD
"[2624, 1318]",Clinical,PhD
"[2624, 1318]",Clinical,PhD
"[2624, 1318]",Clinical,PhD
"[2624, 1318]",Clinical,PhD
"[2624, 1318]",Clinical,PhD
"[2624, 1318]",Clinical,PhD
"[2624, 1318]",Clinical,PhD
"[2624, 1318]",Clinical,PhD
"[2624, 1318]",Clinical,PhD
"[2624, 1318]",Clinical,PhD
"[2624, 1318]",Clinical,PhD
"[2624, 1318]",Clinical,PhD
"[2426, 1318]",Clinical,PhD
"[2426, 1318]",Clinical,PhD
"[2426, 1403]",Clinical,PhD
"[2426, 1403]",Clinical,PhD
"[2426, 1403]",Clinical,PhD
"[2426, 1403]",Clinical,PhD
"[1597, 1551, 2321, 2487, 2487, 2018, 2154, 1640, 1726]",Clinical,PsyD
"[1597, 1551, 2321, 2487, 2487, 2018, 2154, 1640, 1726]",Clinical,PsyD
"[1597, 1595, 2321, 2487, 2487, 2018, 2154, 1640, 1726]",Clinical,PsyD
"[1597, 1595, 2321]",Clinical,PsyD
"[1597, 1595, 2321]",Clinical,PsyD
"[1597, 1595, 2321]",Clinical,PsyD
"[2285, 2203, 2022, 1747]",School,PsyD
"[2285, 2203, 1747]",School,PsyD
"[1389, 1296, 1274, 1682]",Counseling,PhD
"[1173, 1174]",Counseling,PhD
"[1134, 1525]",Clinical,PhD
"[1389, 1296, 1274, 1682]",Clinical,PhD
"[1267, 1350, 1598, 1136, 1547]",Counseling,PhD
"[1137, 1173, 1128, 1164, 2459, 1997]",Clinical,PhD
"[2266, 2447, 2285, 1708, 1328, 1482, 1721]",Clinical,PhD
"[2266, 2447, 2285, 1708, 1328, 1482, 1721]",Clinical,PhD
"[2266, 2447, 2285, 1708, 1328, 1482, 1721]",Clinical,PhD
"[2266, 2447, 2285, 1708, 1328, 1482, 1721]",Clinical,PhD
"[2266, 2447, 2285, 1708, 1328, 1482, 1721]",Clinical,PhD
"[2266, 2447, 2285, 1708, 1328, 1482, 1721]",Clinical,PhD
"[1771, 2463]",Clinical,PhD
"[1771, 2463, 1413, 1134]",Clinical,PhD
"[1149, 1162]",Clinical,PhD
"[1149, 1162]",Clinical,PhD
"[1117, 1119, 1127, 1133]",Clinical,PhD
"[1294, 1344]",Clinical,PhD
"[1147, 1420]",Clinical,PhD
"[1147, 1323, 1414, 1420, 1551]",Clinical,PhD
"[1147, 1323, 1414, 1420, 1551]",Clinical,PhD
"[1147, 1163, 1323, 1383, 1414, 1420, 1551]",Clinical,PhD
"[1147, 1163, 1323, 1383, 1414, 1420, 1551]",Clinical,PhD
"[1147, 1163, 1323, 1383, 1414, 1420, 1551]",Clinical,PhD
"[1147, 1163, 1323, 1383, 1414, 1420, 1551]",Clinical,PhD
"[1147, 1163, 1323, 1383, 1414, 1420, 1551]",Clinical,PhD
"[1502, 2000, 2297]",School,PhD
"[1388, 1511]",Counseling,PhD
"[1388, 1511]",Counseling,PhD
"[1388, 1511]",Counseling,PhD
"[1388, 1389, 1511]",Counseling,PhD
"[1388, 1389, 1511]",Counseling,PhD
"[1388, 1389, 1511]",Counseling,PhD
"[1388, 1509]",Counseling,PhD
"[1388, 1509]",Counseling,PhD
"[1388, 1509]",Counseling,PhD
"[1388, 1509]",Counseling,PhD
"[1388, 1509]",Counseling,PhD
"[1388, 1509]",Counseling,PhD
"[1136, 1160, 1243, 1267, 1332, 1350, 1505, 1568, 1620, 1750, 1751, 1799, 2293]",Counseling,PhD
"[1136, 1160, 1243, 1267, 1332, 1350, 1505, 1568, 1620, 1750, 1751, 1799, 2293]",Counseling,PhD
"[1193, 1198, 1225, 1325, 1347, 1359, 2069, 2519]",Clinical,PhD
"[2422, 2578]",Clinical,PsyD
"[1133, 1222]",Clinical,PsyD
"[1133, 1222]",Clinical,PsyD
"[1133, 1222]",Clinical,PsyD
"[1133, 1222]",Clinical,PsyD
"[1133, 1222]",Clinical,PsyD
"[1133, 1222]",Clinical,PsyD
"[1133, 1222]",Clinical,PsyD
"[1133, 1222]",Clinical,PsyD
"[1384, 2369]",School,PhD
"[1384, 1416, 2369]",School,PhD
"[1384, 1416, 2369]",School,PhD
"[1264, 1314, 1436, 1509, 1538, 2110, 2413]",Clinical,PhD
"[1264, 1314, 1436, 1509, 1538, 2110, 2413]",Clinical,PhD
"[1264, 1314, 1436, 1509, 1538, 2110, 2413]",Clinical,PhD
"[1125, 1334]",Clinical,PsyD
"[1112, 1599, 1671]",Clinical,PsyD
"[1383, 1414]",Counseling,PhD
"[1383, 1414]",Counseling,PhD
"[1474, 1986]",Clinical,PsyD
"[1416, 1727]",School,PhD
"[1276, 1645, 1939]",School,PsyD
"[1155, 1466]",Clinical,PhD
"[2255, 2308]",Clinical,PsyD
"[1339, 2298, 2303, 2431]",Clinical,PsyD
"[1160, 1994]",Counseling,PhD
"[1160, 1994]",Counseling,PhD
"[1620, 1751]",Counseling,PhD
"[1620, 1751]",Counseling,PhD
"[1267, 1620, 1751]",Counseling,PhD
"[1143, 1948]",Clinical,PhD
"[1197, 1314, 1390, 1503, 1509, 1538, 2297, 2375, 2413]",Clinical,PhD
"[1197, 1314, 1390, 1503, 1509, 1538, 2297, 2375, 2413]",Clinical,PhD
"[1197, 1503]",Clinical,PhD
"[1197, 1503]",Clinical,PhD
"[1298, 1594]",Clinical,PhD
"[1298, 1594]",Clinical,PhD
"[1265, 1322, 1325, 1329, 1331, 1443, 1466, 1476, 1536, 1619, 1621]",Clinical,PhD
"[1316, 1403]",Clinical,PhD
"[1219, 1264, 1329, 1474, 1475, 1619]",Clinical,PhD
"[1219, 1264, 1329, 1474, 1475, 1619]",Clinical,PhD
"[1219, 1264, 1329, 1474, 1475, 1619]",Clinical,PhD
"[1219, 1264, 1329, 1474, 1475, 1619]",Clinical,PhD
"[1460, 2559]",School,PhD
"[1183, 2404]",Counseling,PhD
"[1186, 2069]",Counseling,PhD
"[1420, 1552]",Counseling,PhD
"[1440, 1663]",Counseling,PhD
"[1444, 1457]",Clinical,PhD
"[1444, 1457, 1476]",Clinical,PhD
"[1326, 1623]",Clinical,PhD
"[1183, 1326, 1383, 1623, 1992]",Clinical,PhD
"[2152, 2210]",Counseling,PhD
"[1183, 1324, 1326, 1383, 1443, 1623, 1992]",Clinical,PhD
"[2210, 2468]",Counseling,PhD
"[1183, 1324, 1326, 1383, 1443, 1623, 1992, 2024, 2059]",Clinical,PhD
"[1183, 1324, 1326, 1383, 1443, 1623, 1992, 2024, 2059]",Clinical,PhD
"[1573, 2468]",Counseling,PhD
"[1573, 1585]",Counseling,PhD
"[1573, 1575]",Counseling,PhD
"[1117, 2057]",Counseling,PhD
"[1193, 1220]",Clinical,PhD
"[1106, 1109, 1112, 1131, 1135]",Counseling,PhD
"[1106, 1109, 1112, 1131, 1135]",Counseling,PhD
"[1463, 1799]",Clinical,PhD
"[1197, 1663, 1721, 1727]",Clinical,PsyD
"[1128, 1134]",Clinical,PsyD
"[1128, 1134]",Clinical,PsyD
"[1323, 1413]",Clinical,PhD
"[1200, 2467]",Clinical,PhD
"[1200, 2467]",Clinical,PhD
"[1200, 2467]",Clinical,PhD
"[1200, 2467]",Clinical,PhD
"[1115, 1350]",Counseling,PhD
"[1115, 1350]",Counseling,PhD
"[1134, 1213]",Clinical,PhD
"[1801, 1809]",Clinical,PhD
"[1802, 1807]",Clinical,PhD
"[1103, 1747]",School,PhD
"[1103, 1747]",School,PhD
"[1163, 1399]",Clinical,PsyD
"[1334, 2519]",Clinical,PsyD
"[1334, 2519]",Clinical,PsyD
"[1334, 2519]",Clinical,PsyD
"[1266, 1325]",Clinical,PhD
"[1106, 1108, 1111]",Clinical,PhD
"[1106, 1108, 1111]",Clinical,PhD
"[1106, 1109, 1116]",Counseling,PhD
"[1106, 1109, 1116]",Counseling,PhD
"[1137, 2556]",Clinical,PhD
"[1137, 2556]",Clinical,PhD
"[1138, 2467]",Clinical,PsyD
"[1220, 2170]",Clinical,PsyD
"[1220, 2170]",Clinical,PsyD
"[1355, 2057]",Clinical,PsyD
"[1350, 1355, 1547, 1604, 1606, 1649, 1778, 2057]",Clinical,PsyD
"[1809, 1846, 1860]",Clinical,PsyD
"[1183, 1809]",Clinical,PsyD
"[1807, 1823, 1881]",Clinical,PhD
"[1807, 1823, 1881]",Clinical,PhD
"[1569, 1582, 1587, 1588, 1590, 2188]",Counseling,PhD
"[1476, 1551]",Clinical,PhD
"[1191, 1193]",Clinical,PsyD
"[1191, 1193]",Clinical,PsyD
"[1525, 2556]",Clinical,PhD
"[1155, 1265]",Clinical,PhD
"[1440, 1663]",Counseling,PhD
"[1440, 1663]",Counseling,PhD
"[1165, 1619]",Clinical,PhD
"[2114, 2459, 2553, 2574, 2600]",Clinical,PsyD
"[2114, 2459, 2553, 2574, 2600]",Clinical,PsyD
"[2114, 2459, 2553, 2574, 2600]",Clinical,PsyD
"[1257, 1362]",Clinical,PsyD
"[1343, 1514, 1588, 1589]",Clinical,PsyD
"[1343, 1514, 1588, 1589]",Clinical,PsyD
"[1440, 1663, 1727, 2266]",Clinical,PhD
"[1275, 1440, 1453, 1634, 2172]",Clinical,PhD
"[1110, 1113]",Clinical,PsyD
"[1650, 2066, 2254]",Clinical,PsyD
"[1650, 2066, 2254]",Clinical,PsyD
"[1334, 1910]",Clinical,PsyD
"[1134, 1205]",Clinical,PhD
"[1306, 1344]",Clinical,PhD
"[1306, 1344, 1416, 1495]",Clinical,PhD
"[1327, 1334]",Clinical,PsyD
"[1343, 1589]",Clinical,PsyD
"[1343, 1589]",Clinical,PsyD
"[1343, 1589]",Clinical,PsyD
"[1823, 1846]",Clinical,PhD
"[2052, 2499]",Counseling,PsyD
"[2052, 2499]",Counseling,PsyD
"[2052, 2499]",Counseling,PsyD
"[1316, 2624]",Clinical,PhD
"[1316, 2624]",Clinical,PhD
"[1316, 2624]",Clinical,PhD
"[1316, 2624]",Clinical,PhD
"[1316, 2624]",Clinical,PhD
"[1144, 1149, 2607]",Clinical,PsyD
"[1144, 1149, 2641]",Clinical,PsyD
"[1144, 1149, 2641]",Clinical,PsyD
"[1144, 1149]",Clinical,PsyD
"[1205, 1587]",Counseling,PhD
"[1205, 1587]",Counseling,PhD
"[1183, 1551]",Clinical,PhD
"[1183, 1551]",Clinical,PhD
"[1325, 1621]",Clinical,PhD
"[1325, 1621]",Clinical,PhD
"[1325, 1621]",Clinical,PhD
"[1187, 1197, 2052]",Clinical,PhD
"[1187, 1330]",Clinical,PhD
"[1149, 1326, 1443]",Clinical,PhD
"[1149, 1326, 1443]",Clinical,PhD
"[1149, 1326, 1341, 1443]",Clinical,PhD
"[1149, 1326, 1341, 1443]",Clinical,PhD
"[1149, 1326, 1341, 1443]",Clinical,PhD
"[1149, 1326, 1341]",Clinical,PhD
"[1599, 1671]",Counseling,PhD
"[1109, 1191]",Counseling,PhD
"[1187, 1197, 1306, 1330, 1509, 1538, 2410]",School,PsyD
"[1187, 1197, 1306, 1330, 1509, 1538, 2410]",School,PsyD
"[1173, 1331]",Clinical,PhD
"[1134, 1153, 1476]",Clinical,PsyD
"[1165, 1331]",Clinical,PsyD
"[1329, 1347]",Clinical,PhD
"[1329, 1347]",Clinical,PhD
"[1329, 1347]",Clinical,PhD
"[1137, 1171, 1173, 1213, 1257, 1264, 1326, 1330, 1503]",Clinical,PhD
"[1328, 1330, 1409, 1538]",School,PhD
"[1802, 1876]",Clinical,PhD
"[1802, 1876]",Clinical,PhD
"[1129, 1193, 1347]",Clinical,PsyD
"[1327, 1577, 2279]",Counseling,PhD
"[1327, 1577]",Counseling,PhD
"[1327, 2260]",Counseling,PhD
"[1327, 2260]",Counseling,PhD
"[1327, 1492, 1495]",Counseling,PhD
"[1107, 1115]",Clinical,PhD
"[1107, 1115]",Clinical,PhD
"[1119, 2606]",Clinical,PsyD
"[1165, 1171, 1184, 1330, 1476, 1538]",Clinical,PhD
"[2026, 2095]",Clinical,PsyD
"[1323, 1443, 1465, 1466, 1475, 1476, 1538, 1986, 2013, 2376, 2519]",Clinical,PhD
"[1568, 1577, 2214, 2215, 2294]",Clinical,PsyD
"[1939, 2447, 2606]",Clinical,PsyD
"[1939, 2447, 2606]",Clinical,PsyD
"[1939, 2447, 2606]",Clinical,PsyD
"[1153, 1162]",Clinical,PsyD
"[1187, 2552]",Clinical,PhD
"[1187, 2552]",Clinical,PhD
"[1155, 1503, 1552]",Clinical,PhD
"[1134, 1220]",Clinical,PsyD
"[1293, 2512]",Counseling,PhD
"[1403, 2624]",Clinical,PhD
"[1403, 2624]",Clinical,PhD
"[1403, 2624]",Clinical,PhD
"[1403, 2624]",Clinical,PhD
"[1403, 2624]",Clinical,PhD
"[1403, 2624]",Clinical,PhD
"[1403, 2624]",Clinical,PhD
"[1403, 2624]",Clinical,PhD
"[1403, 2624]",Clinical,PhD
"[1403, 2624]",Clinical,PhD
"[1403, 2624]",Clinical,PhD
"[1403, 2624]",Clinical,PhD
"[1403, 2624]",Clinical,PhD
"[1403, 2624]",Clinical,PhD
"[1197, 1538]",Clinical,PhD
"[1197, 1530, 1538, 2508]",Clinical,PhD
"[1197, 1530, 1538, 2508]",Clinical,PhD
"[1197, 1530, 1538, 2508]",Clinical,PhD
"[1197, 1530, 1538, 2508]",Clinical,PhD
"[1149, 1341, 1443]",Clinical,PhD
"[1663, 1790]",Clinical,PsyD
"[1149, 1326, 1341]",Clinical,PhD
"[1149, 1326, 1341]",Clinical,PhD
"[1149, 1339, 1341]",Clinical,PhD
"[1149, 1341, 1443]",Clinical,PhD
"[1294, 1388]",Clinical,PsyD
"[1294, 1388]",Clinical,PsyD
"[1213, 1216, 1217, 1390, 1796]",Clinical,PhD
"[1344, 1416, 2036, 2463]",Clinical,PsyD
"[1344, 1416, 2036, 2463]",Clinical,PsyD
"[1344, 1416, 2036, 2463]",Clinical,PsyD
"[1110, 1113]",Clinical,PhD
"[1110, 1113]",Clinical,PhD
"[1264, 1443]",Counseling,PhD
"[1149, 1329]",Clinical,PhD
"[1149, 1329]",Clinical,PhD
"[1205, 1264]",Clinical,PhD
"[1205, 1264]",Clinical,PhD
"[1328, 1344]",Clinical,PsyD
"[1211, 1594]",Clinical,PhD
"[1211, 1594]",Clinical,PhD
"[1420, 2474, 2640]",Clinical,PhD
"[1420, 2474, 2640]",Clinical,PhD
"[1420, 2474, 2640]",Clinical,PhD
"[1420, 2474, 2640]",Clinical,PhD
"[1420, 2474, 2640]",Clinical,PhD
"[1420, 2474, 2640]",Clinical,PhD
"[1323, 1420]",Clinical,PhD
"[1323, 1420, 2474]",Clinical,PhD
"[1420, 1551]",Clinical,PhD
"[1134, 1619]",Clinical,PhD
"[1134, 1183]",Clinical,PhD
"[1197, 2463]",Clinical,PhD
"[1197, 1538, 2447, 2463]",Clinical,PhD
"[1329, 1420, 2474]",Clinical,PhD
"[1329, 1420]",Clinical,PhD
"[1323, 2519]",Clinical,PhD
"[1197, 1538]",School,PhD
"[1197, 1538]",School,PhD
"[1197, 1538, 1727]",School,PhD
"[1197, 1538, 1727]",School,PhD
"[1389, 1682]",Counseling,PhD
"[1389, 1682]",Counseling,PhD
"[1389, 1682]",Counseling,PhD
"[1165, 1323]",Clinical,PhD
"[1323, 1947, 2479]",Clinical,PhD
"[1183, 1495, 1809]",Clinical,PsyD
"[1183, 1326, 1495, 1809]",Clinical,PsyD
"[1334, 1347, 1472, 1480]",Counseling,PhD
"[1294, 1509]",Clinical,PhD
"[1294, 1344, 1509]",Clinical,PhD
"[1344, 1509, 2410]",Clinical,PhD
"[1344, 1509, 2410]",Clinical,PhD
"[1294, 1344, 1509, 1538, 2410]",Clinical,PhD
"[1347, 1446]",Clinical,PhD
"[1347, 1446]",Clinical,PhD
"[1347, 1446]",Clinical,PhD
"[1347, 1446]",Clinical,PhD
"[1125, 1139, 1347]",Clinical,PhD
"[1125, 1139, 1347]",Clinical,PhD
"[1184, 1645]",School,PhD
"[1143, 1148]",Clinical,PhD
"[1143, 1148]",Clinical,PhD
"[1216, 2512]",Counseling,PhD
"[1551, 1552]",Clinical,PhD
"[1544, 1551, 1552]",Clinical,PhD
"[1544, 1551, 1552]",Clinical,PhD
"[1650, 2471]",Counseling,PhD
"[1136, 2187]",Clinical,PsyD
"[1293, 1299, 1310]",School,EdD
"[1669, 2574]",Clinical,PhD
"[1802, 1832, 1846]",Clinical,PhD
"[1802, 1832, 1846]",Clinical,PhD
"[1413, 1628]",Clinical,PhD
"[1413, 1536]",Clinical,PhD
"[1536, 1628]",Clinical,PhD
"[1536, 1628]",Clinical,PhD
"[1443, 1475]",School,PsyD
"[1802, 1807, 1836]",Counseling,PhD
"[1802, 1807, 1836]",Counseling,PhD
"[1147, 1156]",Clinical,PhD
"[1294, 1948]",Clinical,PhD
"[1294, 1948]",Clinical,PhD
"[1294, 1948]",Clinical,PhD
"[1294, 1948]",Clinical,PhD
"[1220, 1621]",Clinical,PsyD
"[1306, 1538, 2410]",Clinical,PhD
"[1103, 1104, 1105]",School,PsyD
"[1108, 1173, 2035]",Clinical,PhD
"[1108, 1173, 2035]",Clinical,PhD
"[1108, 1173, 2035]",Clinical,PhD
"[1108, 1173, 2035]",Clinical,PhD
"[1108, 1173, 1594, 2035, 2151, 2261, 2525]",Clinical,PhD
"[1108, 1173, 1594, 2035, 2151, 2261, 2525]",Clinical,PhD
"[1173, 2151, 2261]",Clinical,PhD
"[1173, 2151, 2261]",Clinical,PhD
"[1497, 2091]",Clinical,PsyD
"[1135, 1136, 1137, 1148, 1243, 1620, 1973, 2026]",Clinical,PsyD
"[1135, 1136, 1137, 1148, 1243, 1620, 1973, 2026]",Clinical,PsyD
"[1135, 1136, 1137, 1148, 1243, 1620, 1973, 2026, 2129, 2187]",Clinical,PsyD
"[1320, 1326, 1341]",Clinical,PhD
"[1341, 1747]",Clinical,PhD
"[1341, 1747]",Clinical,PhD
"[1149, 1341, 1747]",Clinical,PhD
"[1149, 1341, 1747]",Clinical,PhD
"[1149, 1341, 1747]",Clinical,PhD
"[1149, 1326, 1341]",Clinical,PhD
"[1149, 1326, 1341]",Clinical,PhD
"[1138, 1389]",Counseling,PhD
"[1247, 1250]",Clinical,PhD
"[1149, 1326, 1341]",Clinical,PhD
"[1149, 1326, 1341]",Clinical,PhD
"[1149, 1341]",Clinical,PhD
"[1204, 1756]",Clinical,PhD
"[1108, 1110, 2560]",Clinical,PhD
"[1108, 1110, 2560]",Clinical,PhD
"[1108, 1110, 2560]",Clinical,PhD
"[1173, 1265]",Clinical,PhD
"[1125, 1359]",Clinical,PhD
"[1230, 1331, 1440]",Clinical,PhD
"[1230, 1331, 1440]",Clinical,PhD
"[1171, 1187]",Clinical,PhD
"[1171, 1187]",Clinical,PhD
"[1344, 1982]",Clinical,PhD
"[1187, 1197]",Clinical,PhD
"[1257, 1328, 1443, 1503, 1509]",School,PhD
"[1257, 1328, 1443, 1503, 1509]",School,PhD
"[1257, 1323, 1443, 1503, 1509]",School,PhD
"[1257, 1509]",School,PhD
"[1328, 1413, 1771]",Clinical,PhD
"[1328, 1413, 1771]",Clinical,PhD
"[1328, 1413, 1771]",Clinical,PhD
"[1362, 2629]",Clinical,PhD
"[1362, 2629]",Clinical,PhD
"[1362, 2629]",Clinical,PhD
"[1362, 2629]",Clinical,PhD
"[1156, 1161, 1173]",Clinical,PsyD
"[1362, 2629]",Clinical,PhD
"[1362, 2629]",Clinical,PhD
"[1326, 1339, 1341]",Clinical,PhD
"[1326, 1341]",Clinical,PhD
"[1326, 1341]",Clinical,PhD
"[1230, 1235]",Clinical,PhD
"[1230, 1235]",Clinical,PhD
"[1131, 1134, 1135, 1136, 1137, 1146, 1162, 1165, 1166, 1187, 1329, 1330, 1476]",Clinical,PhD
"[1416, 1509]",Clinical,PsyD
"[1306, 1509]",Clinical,PsyD
"[1306, 1509]",Clinical,PsyD
"[1306, 1509]",Clinical,PsyD
"[1219, 1409]",Clinical,PsyD
"[1137, 1306, 1344, 1771, 2463, 2629]",Clinical,PsyD
"[1137, 1306, 1344, 1771, 2463, 2629]",Clinical,PsyD
"[1137, 1306, 1344, 1771, 2463, 2629]",Clinical,PsyD
"[1137, 1306, 1344, 1771, 2463, 2629]",Clinical,PsyD
"[1257, 1381]",Clinical,PhD
"[1173, 1257, 1381]",Clinical,PhD
"[1619, 2294]",School,PhD
"[1193, 1219, 1220, 1233, 1235, 1334, 1347, 1414, 1415, 1422, 1446, 1451, 1531, 1536, 1669, 2012, 2164, 2221, 2259, 2423, 2461, 2517, 2534]",Clinical,PsyD
"[1193, 1219, 1220, 1233, 1235, 1334, 1347, 1414, 1415, 1422, 1446, 1451, 1531, 1536, 1669, 2012, 2164, 2221, 2259, 2423, 2461, 2517, 2534]",Clinical,PsyD
"[1274, 1275]",Clinical,PsyD
"[1183, 1197, 1230]",Counseling,PhD
"[1183, 1230]",Counseling,PhD
"[1183, 1230]",Counseling,PhD
"[1413, 1459, 2013, 2508]",Clinical,PhD
"[1413, 1459, 2013, 2508]",Clinical,PhD
"[1413, 1459, 2013, 2508]",Clinical,PhD
"[1413, 1443, 1459, 1460, 1551, 2013, 2508]",Clinical,PhD
"[1409, 1413, 1443, 1450, 1459, 1460, 1464, 1465, 1476, 1479, 1551, 2013, 2508]",Clinical,PhD
"[1360, 1369]",Counseling,PhD
"[1624, 2454]",Clinical,PhD
"[1451, 1476, 1678, 2095]",Clinical,PsyD
"[1183, 1329, 1334, 2463]",Clinical,PhD
"[1440, 1663, 1741]",Counseling,PhD
"[1440, 1543, 1663, 1727, 1741]",Counseling,PhD
"[1440, 1543, 1663, 1741, 2266]",Counseling,PhD
"[1494, 1496]",Counseling,PhD
"[1440, 1663]",Counseling,PhD
"[1147, 1536]",Counseling,PhD
"[1147, 1536]",Counseling,PhD
"[1147, 1536]",Counseling,PhD
"[1440, 1663]",Counseling,PhD
"[1147, 1536]",Counseling,PhD
"[1147, 1536]",Counseling,PhD
"[1147, 1536]",Counseling,PhD
"[1440, 1663]",Counseling,PhD
"[1440, 1663]",Counseling,PhD
"[1440, 1663]",Counseling,PhD
"[1440, 1663]",Counseling,PhD
"[1440, 1663]",Counseling,PhD
"[1440, 1663]",Counseling,PhD
"[1440, 1663]",Counseling,PhD
"[1147, 1536, 1809]",Counseling,PhD
"[1325, 1383]",Clinical,PhD
"[1110, 1111]",Counseling,PhD
"[1383, 2206]",Counseling,PsyD
"[1166, 2143]",Clinical,PsyD
"[2592, 2605]",Clinical,PsyD
"[1137, 1146, 1187, 1197, 1306, 1538]",School,PhD
"[1125, 1134, 1183, 1186, 1219, 1230, 1262, 1264, 1265, 1323]",Clinical,PhD
"[1134, 1191, 1910]",Clinical,PsyD
"[1125, 1126, 1129, 1134, 1138, 1144, 1147, 1149, 1155, 1156, 1163, 1173, 1174, 1186, 1193, 1265, 1266, 1269, 1325, 1339, 1341, 1347, 1359, 1361, 1364, 1365, 1399, 1443, 1446, 1475, 1504, 1508, 1529, 1543, 1551, 1621, 1634, 1671, 2074, 2237, 2473]",Clinical,PhD
"[1131, 1153, 1310, 1590, 1620, 1624, 2106, 2114, 2459, 2598, 2600, 2633]",Clinical,PsyD
"[1118, 1131, 2106, 2114, 2459, 2514, 2553, 2574, 2598, 2600, 2627, 2633]",Clinical,PsyD
"[1180, 1495, 1678]",Clinical,PsyD
"[1329, 1552]",Clinical,PhD
"[1119, 1476]",Clinical,PsyD
"[1188, 1476]",Clinical,PsyD
"[2334, 2525]",Clinical,PsyD
"[1173, 2525]",Clinical,PsyD
"[1551, 2519]",Clinical,PhD
"[1332, 1539]",Clinical,PhD
"[1329, 1551]",Clinical,PhD
"[1116, 1138, 1973]",Clinical,PsyD
"[1153, 1973]",Clinical,PsyD
"[1180, 1457, 2095]",Clinical,PsyD
"[2176, 2508]",Clinical,PhD
"[1126, 1135, 1152]",Clinical,PsyD
"[1294, 1650]",Counseling,PhD
"[1129, 1186]",Counseling,PhD
"[1265, 1266]",Clinical,PhD
"[1264, 1266]",Clinical,PhD
"[1134, 1967]",Clinical,PsyD
"[1299, 2282]",Counseling,PhD
"[1176, 1586, 2440]",Counseling,PhD
"[1444, 2508]",Clinical,PsyD
"[1171, 1187]",Clinical,PhD
"[1165, 2535]",Clinical,PhD
"[1593, 1594, 1595, 1598, 2487]",Clinical,PsyD
"[1183, 1230, 1331, 1334, 1440, 1446, 1474, 1536, 1551]",Clinical,PhD
"[1383, 1414]",Clinical,PhD
"[1104, 1292, 1313, 1324, 1339, 1370, 1385, 1407, 1412, 1415, 1722, 1764, 1832, 1846, 1961, 1992, 2304, 2544]",Clinical,PsyD
"[1187, 1330, 1349]",Clinical,PsyD
"[1147, 1536]",Counseling,PhD
"[1198, 1226, 1967, 2499]",Clinical,PsyD
"[1967, 2151]",Clinical,PsyD
"[1129, 1147, 2465]",Clinical,PsyD
"[1113, 1119, 1311]",Clinical,PsyD
"[1142, 1311, 1624]",Clinical,PsyD
"[1205, 1466]",Clinical,PhD
"[1205, 2454]",Clinical,PhD
"[1134, 1329]",Clinical,PsyD
"[2435, 2481]",Clinical,PsyD
"[1187, 1551]",Clinical,PhD
"[1125, 1197]",Counseling,PhD
"[1125, 1126]",Clinical,PsyD
"[1126, 1134]",Clinical,PsyD
"[1173, 1627]",Clinical,PhD
"[1173, 1176, 1383, 1627, 1635, 1764]",Clinical,PhD
"[2203, 2285]",School,PsyD
"[1327, 1329, 1471]",Clinical,PhD
"[1327, 1471]",Clinical,PhD
"[1327, 1329]",Clinical,PhD
"[1327, 1440]",Clinical,PhD
"[1180, 1327]",Clinical,PhD
"[1247, 1542]",Counseling,PhD
"[1267, 1350]",Counseling,PhD
"[1267, 1350]",Counseling,PhD
"[1519, 1540]",Counseling,PhD
"[1509, 2410]",Clinical,PsyD
"[1476, 1538]",Clinical,PhD
"[1409, 1443, 1476, 1538, 2013]",Clinical,PhD
"[1184, 1538]",Clinical,PhD
"[1137, 1146]",Clinical,PhD
"[1327, 1329]",Clinical,PhD
"[1134, 1173, 1183, 1329]",Clinical,PsyD
"[1125, 1173, 1329, 1413, 2063, 2151, 2413]",Clinical,PhD
"[1106, 1109]",Counseling,PhD
"[1306, 1509]",Clinical,PsyD
"[1205, 1306]",Counseling,PhD
"[1359, 1383]",Clinical,PhD
"[1183, 1191, 1369, 1412, 1582]",Clinical,PhD
"[1183, 1191, 1369]",Clinical,PhD
"[1191, 1369, 1582]",Clinical,PhD
"[1306, 1538, 2110]",Clinical,PhD
"[1306, 1538, 1540, 2110]",Clinical,PhD
"[1171, 1187]",Clinical,PsyD
"[1628, 2306]",Clinical,PhD
"[1268, 1347]",Clinical,PhD
"[1268, 1323, 1347]",Clinical,PhD
"[1306, 1509]",Clinical,PsyD
"[1166, 2519]",Clinical,PsyD
"[1137, 1146, 1165]",Clinical,PhD
"[1125, 1619, 1621, 1623]",Clinical,PhD
"[1134, 1165, 2052]",Clinical,PsyD
"[1134, 1619]",Clinical,PhD
"[1134, 1146, 1165, 1344, 2052, 2463]",Clinical,PsyD
"[1134, 2052]",Clinical,PsyD
"[1230, 1331, 1540]",Clinical,PhD
"[1331, 1678]",Clinical,PhD
"[1325, 1327]",Clinical,PhD
"[1332, 2279]",Clinical,PhD
"[1125, 1134, 1257, 1265, 1266, 1306, 1413]",Clinical,PhD
"[1327, 1336]",Clinical,PhD
"[1327, 1471]",Clinical,PhD
"[1230, 1331, 1540]",Clinical,PhD
"[1327, 1593]",Clinical,PhD
"[1165, 1328]",Clinical,PsyD
"[1311, 1313]",Clinical,PsyD
"[1180, 1457, 1495]",Clinical,PsyD
"[1455, 1543]",Counseling,PhD
"[1311, 1313, 1764, 2034, 2090, 2259]",Clinical,PsyD
"[1197, 1509, 1538, 1659]",School,PhD
"[1176, 2440]",Clinical,PhD
"[1173, 1175, 2180]",Clinical,PhD
"[1335, 1440, 1463, 1490, 1491, 1663]",Counseling,PsyD
"[1184, 2110]",School,PhD
"[1184, 1572, 1708, 2110]",School,PhD
"[1134, 1205, 1230, 1264, 1294, 1328, 1390, 1538, 1540, 1552, 1560, 1639, 1650, 2369, 2512, 2605, 2624]",Clinical,PhD
"[1137, 1155, 1184, 1187]",Clinical,PhD
"[1458, 1480]",Clinical,PsyD
"[1251, 1432]",School,PhD
"[1266, 2413]",Counseling,PhD
"[1205, 1266, 1413, 1536, 2413]",Counseling,PhD
"[1109, 1176, 1586, 1592, 1682]",Clinical,PsyD
"[1109, 1671, 2052]",Clinical,PsyD
"[1108, 1109, 1110, 1112, 1671, 2052]",Clinical,PsyD
"[1107, 1108, 1671, 2052, 2594]",Clinical,PsyD
"[1184, 1509]",Clinical,PhD
"[1176, 1245, 1247, 1382, 1412, 1649, 1682, 1752, 2116, 2312]",Clinical,PhD
"[1316, 1403]",Clinical,PhD
"[1525, 1619]",Clinical,PhD
"[1359, 1552, 1846]",Clinical,PhD
"[1230, 2181]",Clinical,PhD
"[1165, 1525]",Clinical,PhD
"[1322, 1336]",School,PhD
"[1171, 1330]",Clinical,PhD
"[1171, 1330]",Clinical,PhD
"[1187, 1257, 1330, 1538]",Clinical,PhD
"[1137, 1146, 1162, 1165, 1171]",Clinical,PsyD
"[1614, 1954]",Counseling,PsyD
"[1113, 1354]",Clinical,PhD
"[1326, 1329, 1334, 1337]",Clinical,PsyD
"[1242, 1253, 1254]",Clinical,PhD
"[2164, 2471]",Clinical,PsyD
"[1173, 1308]",Clinical,PhD
"[1383, 1439]",Clinical,PhD
"[1621, 1624]",Clinical,PsyD
"[1187, 1619]",Clinical,PhD
"[1464, 1472]",Clinical,PsyD
"[1316, 1388, 2294, 2297]",Clinical,PsyD
"[1205, 1230, 1344, 1364, 1380, 1443, 1475, 1476, 1509, 1540]",Clinical,PsyD
"[1111, 1173, 1175, 1176, 1183, 1184, 1326, 1329, 1330, 1331, 1334]",Clinical,PsyD
"[1414, 1756]",Counseling,PhD
"[1174, 1414, 1756]",Counseling,PhD
"[1327, 1471]",Clinical,PhD
"[1329, 1471]",Clinical,PhD
"[1327, 1471]",Counseling,PhD
"[1500, 1501, 2177, 2533, 2559]",Counseling,PhD
"[2177, 2559]",Counseling,PhD
"[1257, 1381]",Clinical,PhD
"[1380, 1381]",Clinical,PhD
"[1187, 1381]",Clinical,PhD
"[1257, 1381, 1902]",Clinical,PhD
"[1569, 2152]",Clinical,PsyD
"[1440, 1453]",Clinical,PhD
"[1440, 1453]",Clinical,PhD
"[1495, 1496]",Clinical,PhD
"[1149, 2456]",Clinical,PhD
"[1149, 2456]",Clinical,PhD
"[2034, 2539]",Clinical,PhD
"[1137, 1146]",Clinical,PhD
"[1225, 1551, 1588, 2110]",Clinical,PhD
"[1310, 1627]",Counseling,PhD
"[1310, 1627]",Counseling,PhD
"[1230, 1329]",Clinical,PhD
"[1509, 1619]",Clinical,PsyD
"[1183, 1347]",Clinical,PsyD
"[1325, 1329, 1443, 1551]",Clinical,PhD
"[1134, 1143, 1184, 1283, 2463]",Clinical,PsyD
"[1830, 1860]",School,PhD
"[1153, 1551]",Counseling,PhD
"[1153, 1551]",Counseling,PhD
"[1153, 1551]",Counseling,PhD
"[1153, 1551]",Counseling,PhD
"[1153, 1551]",Counseling,PhD
"[1425, 1430, 1494, 2330, 2569]",School,PsyD
"[1430, 1494, 2330, 2569]",Clinical,PsyD
"[1153, 1551]",Counseling,PhD
"[1197, 2404]",Counseling,PhD
"[1116, 1119, 1143, 1146, 1148, 1162, 1171]",Clinical,PsyD
"[1264, 1551]",Clinical,PsyD
"[1311, 1692, 1722, 1992, 2090, 2347, 2544]",Clinical,PsyD
"[1354, 2149]",Clinical,PhD
"[1548, 1693, 2479, 2492, 2597]",School,PhD
"[1137, 2110]",Clinical,PhD
"[1257, 2406]",School,PhD
"[1416, 2638]",School,PhD
"[1197, 1416]",School,PhD
"[1197, 1416, 1771, 2556]",School,PhD
"[1197, 1416, 1436]",School,PhD
"[1265, 1266, 1268, 1323, 1325, 1329, 1409, 1414, 1551, 1619, 2519]",Clinical,PhD
"[1265, 1266]",Clinical,PhD
"[1213, 1306, 1619]",Clinical,PhD
"[1134, 1165]",Clinical,PhD
"[1156, 2095]",Clinical,PsyD
"[1650, 2447]",Clinical,PhD
"[1294, 1650]",Counseling,PhD
"[1187, 1323, 1443, 1947]",Clinical,PhD
"[1184, 1187, 1323, 1443, 1551, 1947]",Clinical,PhD
"[1327, 1471]",Counseling,PhD
"[1807, 1837]",Clinical,PhD
"[1180, 1577]",Clinical,PsyD
"[1557, 2462]",Clinical,PsyD
"[1597, 1619]",School,PhD
"[1482, 1488]",School,PhD
"[1306, 1442, 1460, 1708, 1746, 2285, 2463, 2471, 2472, 2493]",School,PhD
"[1171, 1184, 1257, 1503, 1525, 1628, 1639, 2413]",Clinical,PhD
"[1503, 1509]",Clinical,PhD
"[1509, 1619]",Clinical,PhD
"[1187, 1344, 1353]",Clinical,PhD
"[1187, 1344, 1353]",Clinical,PhD
"[1187, 1344, 1353]",Clinical,PhD
"[1187, 1344, 1353]",Clinical,PhD
"[1187, 1344, 1380]",Clinical,PhD
"[1184, 1197]",Clinical,PhD
"[1727, 2134]",School,PhD
"[1184, 1538, 2013]",Clinical,PhD
"[1183, 1184, 1187, 1197, 1230, 1323, 1329, 1330, 1409, 1413, 1443, 1465, 1466, 1471, 1476, 1509, 1536, 1538]",Clinical,PhD
"[2463, 2581]",School,PhD
"[1264, 1443, 1948, 2519]",Clinical,PsyD
"[1111, 1117, 1118]",Clinical,PhD
"[1329, 1536]",Clinical,PhD
"[1465, 1475]",Counseling,PhD
"[1526, 1692, 1967]",Clinical,PhD
"[1747, 1908]",Clinical,PsyD
"[1645, 1939]",School,PsyD
"[1815, 1816]",Clinical,PhD
"[1134, 1148, 1162]",Clinical,PsyD
"[1141, 1147, 1152, 1156, 1186, 1268, 1322, 1325, 1334, 1383, 1527, 1583, 2465]",Counseling,PhD
"[1423, 2508]",Clinical,PhD
"[1440, 1444]",Clinical,PhD
"[1171, 1173]",Counseling,PhD
"[1173, 1596]",Counseling,PhD
"[1183, 1283, 1323, 1353, 1424, 1430, 1432, 1443, 1479, 1529, 1540]",Clinical,PsyD
"[1187, 1443, 1476, 2013]",Clinical,PhD
"[1147, 1183, 2519]",Clinical,PhD
"[2117, 2308]",Clinical,PsyD
"[1994, 2125]",Clinical,PsyD
"[1310, 1325, 1369]",Counseling,PhD
"[1440, 1496, 1552, 1663, 1741, 2532]",Counseling,PhD
"[1440, 1552, 1663, 2532]",Counseling,PhD
"[1440, 1539, 1663, 2532]",Counseling,PhD
"[1134, 1503]",Clinical,PhD
"[1509, 2285]",School,PhD
"[1134, 1175, 1219, 1230, 1264, 1266]",Clinical,PhD
"[1146, 1165, 1184, 1344, 1509, 1538, 1982, 2110]",School,PhD
"[1149, 1283, 1443, 1476, 2000]",Clinical,PsyD
"[1137, 1257, 1344, 1538, 2479]",School,PhD
"[1323, 1420]",Clinical,PhD
"[1257, 2297]",School,PhD
"[1109, 1177]",Counseling,PhD
"[1118, 1131, 2627]",Clinical,PsyD
"[1628, 2074]",Clinical,PhD
"[2074, 2221]",Clinical,PhD
"[1311, 1312]",Clinical,PsyD
"[1199, 1201]",Clinical,PsyD
"[2255, 2558]",School,PsyD
"[1330, 1381]",Clinical,PhD
"[1381, 1552]",Clinical,PhD
"[1320, 1326]",Counseling,PhD
"[1119, 1123, 1125]",Counseling,PhD
"[1504, 2166]",Clinical,PsyD
"[1423, 1432]",Clinical,PhD
"[1416, 1509, 1548, 1947]",Clinical,PsyD
"[1184, 1187, 1344, 2463]",Clinical,PhD
"[1329, 1420, 2474]",Clinical,PhD
"[1111, 1543, 2221, 2266]",Clinical,PhD
"[1329, 1334]",Counseling,PhD
"[1539, 2116, 2260, 2462]",Counseling,PhD
"[1184, 1538]",School,PhD
"[1411, 1430]",Clinical,PsyD
"[1329, 2519]",Clinical,PsyD
"[1175, 1551, 2301]",Clinical,PhD
"[1175, 1176, 1380]",Clinical,PhD
"[1184, 1257]",Clinical,PhD
"[2410, 2463]",Clinical,PhD
"[1173, 2410]",Clinical,PhD
"[1852, 1882]",Clinical,PhD
"[1863, 1877]",Clinical,PhD
"[1267, 1350]",Counseling,PhD
"[1129, 1156, 1198, 1244]",Counseling,PhD
"[1139, 1147]",Counseling,PsyD
"[1477, 1663]",Counseling,PhD
"[1847, 1865, 1801]",School,PhD
"[1847, 1865, 1801]",School,PhD
"[1847, 1865, 1801]",School,PhD
"[1847, 1865, 1801]",School,PhD
"[1847, 1865, 1801]",School,PhD
"[1176, 1177]",Clinical,PsyD
"[1147, 1163]",Counseling,PhD
"[1183, 1619]",Clinical,PhD
"[1536, 2463]",Clinical,PhD
"[1536, 1727]",Clinical,PhD
"[1536, 1727]",Clinical,PhD
"[1536, 1727]",Clinical,PhD
"[1409, 1727]",Clinical,PhD
"[1267, 1350]",Counseling,PhD
"[1136, 1350]",Counseling,PhD
"[1151, 1173]",Clinical,PhD
"[1423, 1799]",Clinical,PhD
"[1268, 1230]",Clinical,PsyD
"[1125, 1359, 1388, 1551]",Clinical,PhD
"[1147, 1156, 1186]",Clinical,PhD
"[1173, 1329]",Clinical,PhD
"[1138, 1147, 1156]",Clinical,PsyD
"[1162, 1164]",Clinical,PsyD
"[1450, 2391]",Clinical,PsyD
"[1450, 2391]",Clinical,PsyD
"[1147, 1527]",Clinical,PhD
"[1329, 2324]",Clinical,PhD
"[1329, 2324]",Clinical,PhD
"[1323, 1329, 2324]",Clinical,PhD
"[1323, 1329, 2324]",Clinical,PhD
"[1446, 1480]",Clinical,PhD
"[2380, 2553]",Clinical,PhD
"[2380, 2553]",Clinical,PhD
"[1183, 1329]",Clinical,PhD
"[1451, 1443]",Clinical,PhD
"[1191, 1491, 2279]",Counseling,PhD
"[1191, 1491, 1910, 2279]",Counseling,PhD
"[1191, 1491, 1910, 2279]",Counseling,PhD
"[1184, 1538, 2022]",Clinical,PsyD
"[1173, 1176]",Clinical,PsyD
"[1184, 2022]",Clinical,PsyD
"[1329, 1459]",Clinical,PhD
"[2514, 2598]",Clinical,PhD
"[2598, 2633]",Clinical,PhD
"[2114, 2598]",Clinical,PhD
"[1125, 1275]",Clinical,PhD
"[1149, 2456]",Clinical,PhD
"[1125, 2074]",Clinical,PhD
"[1117, 2133]",Clinical,PsyD
"[1117, 2133]",Clinical,PsyD
"[1117, 2133]",Clinical,PsyD
"[1771, 2133]",Clinical,PsyD
"[2133, 2196]",Clinical,PsyD
"[2133, 2196]",Clinical,PsyD
"[2133, 2196]",Clinical,PsyD
"[2133, 2196]",Clinical,PsyD
"[1669, 2447]",Clinical,PsyD
"[1125, 1325]",Clinical,PhD
"[1125, 1147, 1325, 1359, 1383, 1414, 1437, 1508, 1551]",Clinical,PhD
"[1125, 1147]",Clinical,PhD
"[1226, 2037]",Clinical,PsyD
"[1218, 1226, 2037]",Clinical,PsyD
"[1198, 2170]",Clinical,PsyD
"[1967, 2151]",Clinical,PsyD
"[1294, 1364, 2413]",Clinical,PsyD
"[2114, 2519, 2598]",Clinical,PhD
"[2114, 2519, 2598]",Clinical,PhD
"[2519, 2598]",Clinical,PhD
"[1176, 1992]",Counseling,PhD
"[1176, 2117]",Counseling,PhD
"[1276, 2095, 1443]",Clinical,PsyD
"[1173, 1329]",Clinical,PsyD
"[1504, 1265]",Clinical,PhD
"[1217, 1219]",Clinical,PsyD
"[1137, 1162, 1165, 1323, 1329, 1465, 1476, 1502]",Clinical,PhD
"[1323, 1329]",Clinical,PhD
"[1129, 1138]",Clinical,PhD
"[1116, 1678, 2095]",Clinical,PsyD
"[1116, 1678, 2095]",Clinical,PsyD
"[1678, 2095]",Clinical,PsyD
"[1678, 2095]",Clinical,PsyD
"[1678, 2095]",Clinical,PsyD
"[1137, 1165]",Clinical,PhD
"[1323, 1465]",Clinical,PhD
"[1329, 1502]",Counseling,PhD
"[1465, 2013]",Clinical,PhD
"[1274, 1331, 1337, 1620]",Counseling,PhD
"[1147, 1325, 1335]",Counseling,PhD
"[1323, 1171, 1538]",School,PhD
"[1323, 1329, 1171, 1538]",School,PhD
"[1323, 1329, 1171, 1538]",School,PhD
"[1183, 1323, 1334, 1465]",Clinical,PhD
"[1211, 1908]",Clinical,PhD
"[2255, 1187]",School,PhD
"[2255, 1187]",School,PhD
"[2255, 1187]",School,PhD
"[2255, 1187]",School,PhD
"[2255, 1187]",School,PhD
"[1360, 2196]",Clinical,PsyD
"[1267, 1360]",Clinical,PsyD
"[1267, 1360]",Clinical,PsyD
"[1267, 1360]",Clinical,PsyD
"[1171, 1187, 1538]",Clinical,PhD
"[1171, 1187, 1538]",Clinical,PhD
"[1171, 1187, 1538]",Clinical,PhD
"[1129, 1973]",Clinical,PsyD
"[1153, 1973]",Clinical,PsyD
"[1807, 1823]",Counseling,PhD
"[1147, 1161]",Clinical,PhD
"[1465, 1476]",Counseling,PhD
"[1347, 1153, 1329, 1476]",Clinical,PsyD
"[1153, 1173, 1328, 1329, 1334]",Clinical,PsyD
"[1183, 1188, 1263]",Clinical,PhD
"[1183, 1188]",Clinical,PhD
"[1771, 2000]",Clinical,PsyD
"[1476, 1624]",Clinical,PsyD
"[1125, 1138, 1139, 1147, 1156, 1325, 1335, 1357, 1453, 1455, 1551]",School,PhD
"[1334, 1330]",Clinical,PhD
"[1329, 2479]",Clinical,PhD
"[1137, 1596, 1796]",Clinical,PhD
"[1125, 1129]",Clinical,PhD
"[1125, 1129]",Clinical,PhD
"[1289, 1350]",Counseling,PhD
"[1289, 1350]",Counseling,PhD
"[1289, 1350]",Counseling,PhD
"[1289, 1350, 2057]",Counseling,PhD
"[1107, 1109]",Counseling,PhD
"[1350, 2057]",Counseling,PhD
"[1125, 1156, 1163, 1235, 1280, 1446, 1623, 2465, 1153, 1183, 1283, 1323, 1370, 1464, 1771]",Clinical,PsyD
"[1283, 1771]",Clinical,PsyD
"[1323, 1771]",Clinical,PsyD
"[1149, 1341]",Clinical,PhD
"[1109, 1110]",Clinical,PsyD
"[1144, 1311, 1398, 2500]",Clinical,PsyD
"[1393, 2000]",Clinical,PsyD
"[1444, 1465]",Clinical,PhD
"[1235, 2624]",Clinical,PhD
"[1108, 1624]",Counseling,PhD
"[1230, 1459]",Clinical,PhD
"[1399, 2206, 2221, 2340]",Clinical,PsyD
"[1329, 1476]",Clinical,PhD
"[1113, 1119, 2454]",Clinical,PhD
"[1267, 1337, 1673, 1780]",Counseling,PhD
"[1420, 1536]",Clinical,PhD
"[1420, 1536]",Clinical,PhD
"[1624, 2322]",Clinical,PsyD
"[1624, 2322]",Clinical,PsyD
"[1624, 2322]",Clinical,PsyD
"[1137, 1197]",Clinical,PhD
"[1165, 1146]",Clinical,PhD
"[1135, 1590, 1907]",Clinical,PsyD
"[1590, 1907, 2116]",Clinical,PsyD
"[1590, 1907]",Clinical,PsyD
"[1495, 1588, 2371]",Clinical,PhD
"[1490, 1495, 1588, 2371]",Clinical,PhD
"[1495, 1588]",Clinical,PhD
"[1490, 1495, 1588, 2371]",Clinical,PhD
"[1495, 1588]",Clinical,PhD
"[1180, 1490, 1495]",Clinical,PhD
"[1135, 1590]",Clinical,PsyD
"[1135, 1590]",Clinical,PsyD
"[1135, 1590, 1907]",Clinical,PsyD
"[1472, 1476]",Clinical,PhD
"[1586, 2440]",Clinical,PsyD
"[1586, 2440]",Clinical,PsyD
"[1586, 2440]",Clinical,PsyD
"[1586, 2440]",Clinical,PsyD
"[1586, 2440]",Clinical,PsyD
"[1230, 1324, 1663, 2181, 2371]",Clinical,PhD
"[1324, 2181]",Clinical,PhD
"[1268, 1323, 1155, 1619]",Clinical,PhD
"[1268, 1325, 1323, 2519, 1266, 1619]",Clinical,PhD
"[1173, 1176, 1459, 1540, 1594, 1682, 2297, 2535, 2561, 2586]",Clinical,PhD
"[1173, 1176, 1594, 2535]",Clinical,PhD
"[1780, 2203]",School,PsyD
"[1780, 2203]",School,PsyD
"[1780, 2203]",School,PsyD
"[1414, 2221]",Clinical,PsyD
"[1230, 1588]",Clinical,PsyD
"[1205, 1308, 1796, 1986, 2294, 2297, 2369, 2447, 2531, 2624]",Clinical,PsyD
"[1197, 1205, 1308, 1328, 1796, 1954, 2294, 2624]",Clinical,PsyD
"[1205, 1308, 1796]",Clinical,PsyD
"[1197, 1328, 1796, 1601, 2052, 2110]",Clinical,PsyD
"[1907, 2260]",Counseling,PhD
"[2334, 1216]",Clinical,PsyD
"[1406, 2146, 2517]",Counseling,PhD
"[1406, 2146, 2517]",Counseling,PhD
"[1406, 2146, 2517]",Counseling,PhD
"[1123, 1135, 1136]",Counseling,PhD
"[1406, 2146, 2517]",Counseling,PhD
"[1406, 2146, 2517]",Counseling,PhD
"[1406, 2146]",Counseling,PhD
"[1206, 1406, 1649, 2063, 2146, 2451, 2462, 2517, 2610]",Counseling,PhD
"[1183, 1492]",Clinical,PhD
"[1197, 2266, 2391, 1538]",Clinical,PsyD
"[2285, 2391, 1538]",Clinical,PsyD
"[1414, 2623]",Clinical,PhD
"[2514, 2574]",Clinical,PsyD
"[2514, 2574]",Clinical,PsyD
"[2514, 2574]",Clinical,PsyD
"[2514, 2574]",Clinical,PsyD
"[1264, 1266]",Clinical,PhD
"[1588, 2125]",Clinical,PhD
"[1588, 2125]",Clinical,PhD
"[1112, 1125, 1129, 1138, 1139, 1163]",Clinical,PsyD
"[1129, 1163]",Clinical,PsyD
"[2019, 2600, 1660, 2106]",Clinical,PsyD
"[1129, 1138, 1141]",Clinical,PsyD
"[1205, 1230]",Clinical,PhD
"[1360, 1557]",Clinical,PhD
"[1414, 2623]",Clinical,PhD
"[1459, 1476]",Clinical,PhD
"[1137, 1165]",Clinical,PhD
"[1205, 1536]",Clinical,PhD
"[1551, 1205]",Clinical,PhD
"[1551, 1205]",Clinical,PhD
"[1115, 1117, 1123, 1127, 1135, 1136, 1160, 1161, 1176, 1177, 1201, 1206, 2505]",Counseling,PsyD
"[1115, 1117, 1123, 1127, 1135, 1136, 1160, 1161]",Counseling,PsyD
"[1416, 1601]",Clinical,PsyD
"[2406, 1171, 1601]",Clinical,PsyD
"[1416, 2406]",Clinical,PsyD
"[1416, 1601]",Clinical,PsyD
"[1103, 1460, 1771, 1967, 2527]",Clinical,PhD
"[1103, 1460, 1771, 1967, 2527]",Clinical,PhD
"[1103, 1460, 1771, 1967, 2527]",Clinical,PhD
"[1103, 1460, 1771, 1967, 2527]",Clinical,PhD
"[1103, 1460, 1771, 1967, 2527]",Clinical,PhD
"[1129, 1103, 1967, 2496, 2527]",Clinical,PhD
"[1388, 1552, 1137, 1197, 1416, 1572, 2294]",School,PhD
"[1329, 1490]",Clinical,PhD
"[1125, 1173]",Clinical,PhD
"[1325, 2173]",Clinical,PhD
"[1347, 1741]",Clinical,PhD
"[1322, 1325, 1335, 1357, 1741, 2431]",Clinical,PhD
"[1325, 1741]",Clinical,PhD
"[1414, 2464]",Clinical,PsyD
"[1180, 1577, 1954]",Clinical,PsyD
"[1678, 2026, 2095, 2415, 2511]",Clinical,PsyD
"[1464, 1536, 1832, 1846]",Clinical,PhD
"[1125, 1619]",Clinical,PhD
"[1125, 1156]",Clinical,PhD
"[1125, 1619]",Clinical,PhD
"[2519, 1619]",Clinical,PhD
"[1125, 2519, 1619]",Clinical,PhD
"[1148, 1973]",Clinical,PsyD
"[1542, 2462]",Counseling,PhD
"[1542, 1326]",Counseling,PhD
"[1568, 2133]",Counseling,PhD
"[1115, 1568]",Counseling,PhD
"[1125, 1325, 1551, 1323, 1619]",Clinical,PhD
"[1218, 1416]",Clinical,PsyD
"[1391, 1490]",Clinical,PsyD
"[1329, 2324]",Clinical,PhD
"[1323, 1329, 2324, 2519]",Clinical,PhD
"[1331, 1334]",Counseling,PhD
"[1123, 1752]",Counseling,PhD
"[1480, 2221]",Counseling,PhD
"[1143, 1148, 1162, 1164]",Clinical,PsyD
"[1118, 1128]",Clinical,PsyD
"[1268, 1634, 1286, 1264, 1265]",Counseling,PhD
"[1416, 2252]",Clinical,PhD
"[1406, 2146, 2517]",Counseling,PhD
"[1471, 1477, 1475]",Clinical,PhD
"[1116, 1118, 1123]",Clinical,PsyD
"[1116, 1118, 1119, 1123, 1128, 1148]",Clinical,PsyD
"[1446, 1230]",Clinical,PsyD
"[1180, 1334, 1495, 1746]",Clinical,PsyD
"[1107, 1117, 1176, 1196, 1231, 1247, 1253, 1274, 1279, 1299, 1387, 1405, 1406, 1416, 1547, 1592, 1612, 1649, 1682, 1752, 1799, 2116, 2146, 2282, 2293, 2440, 2594]",Clinical,PhD
"[1115, 1568]",Clinical,PhD
"[2237, 2376]",Clinical,PhD
"[1474, 1986]",Clinical,PhD
"[1847, 1818]",Clinical,PhD
"[1127, 1128, 1135, 1136, 1231, 1620, 1726, 1752, 2019, 2117, 2129, 2146, 2265, 2334, 2343, 2455, 2472, 2524]",Clinical,PsyD
"[1197, 1187, 1509, 1538]",Clinical,PsyD
"[1440, 1536]",Counseling,PhD
"[1802, 1893]",Clinical,PsyD
"[1444, 1802, 1851, 1893, 1879]",Clinical,PsyD
"[1893, 2276]",Clinical,PsyD
"[1802, 1893, 2276]",Clinical,PsyD
"[1893, 2276]",Clinical,PsyD
"[1444, 1893]",Clinical,PsyD
"[1444, 1893]",Clinical,PsyD
"[1444, 1893]",Clinical,PsyD
"[1802, 1893]",Clinical,PsyD
"[1804, 1893]",Clinical,PsyD
"[1876, 1893]",Clinical,PsyD
"[1444, 1802, 1804, 1851, 1876, 1893, 2276, 1874, 1879]",Clinical,PsyD
"[1444, 1802, 1821, 1851, 1893, 2276, 1830]",Clinical,PsyD
"[1851, 1893]",Clinical,PsyD
"[1802, 2276]",Clinical,PsyD
"[1444, 1802, 2276]",Clinical,PsyD
"[1460, 2531]",Clinical,PsyD
"[1460, 2531]",Clinical,PsyD
"[1329, 2266]",Clinical,PsyD
"[1509, 1601]",Clinical,PhD
"[1323, 1509, 1601]",Clinical,PhD
"[1323, 1171, 1509, 1601]",Clinical,PhD
"[2371, 1306]",Clinical,PhD
"[1551, 2063, 2371, 1171]",Clinical,PhD
"[1802, 1893]",Clinical,PsyD
"[1572, 1948]",School,PhD
"[1119, 1204]",Clinical,PhD
"[1548, 2463]",School,PsyD
"[1135, 1490]",Clinical,PhD
"[1325, 1619]",Clinical,PhD
"[2013, 2531]",Clinical,PsyD
"[2013, 2531]",Clinical,PsyD
"[2237, 1538]",Counseling,PsyD
"[2237, 1538]",Counseling,PsyD
"[1329, 1536]",Clinical,PhD
"[2170, 2221]",Clinical,PsyD
"[2170, 2221]",Clinical,PsyD
"[1380, 2519]",Clinical,PhD
"[1383, 1527]",Clinical,PhD
"[1466, 1619]",Clinical,PhD
"[1305, 1907]",Counseling,PhD
"[1268, 1634, 1267, 1274, 1264]",Counseling,PhD
"[1268, 1267, 1274, 1264]",Counseling,PhD
"[1126, 1129, 1147]",Clinical,PsyD
"[1322, 1440, 1446, 1480, 1230, 1331, 1334, 1464, 1479, 1536]",Clinical,PhD
"[1127, 1135]",Counseling,PhD
"[1183, 2312]",Counseling,PhD
"[1207, 1209]",Clinical,PhD
"[1209, 2430]",Clinical,PhD
"[1230, 2196]",Clinical,PhD
"[1230, 2196]",Clinical,PhD
"[1230, 2196]",Clinical,PhD
"[1119, 1148]",Clinical,PhD
"[1420, 1624, 2034, 2259, 2454, 2539]",Clinical,PhD
"[1137, 1143, 1148, 1162, 1692, 2136, 2472]",School,PsyD
"[2026, 2136, 2157, 2380, 2472, 2493, 2527]",School,PsyD
"[1327, 1471]",Clinical,PhD
"[1440, 1471]",Clinical,PhD
"[1118, 1176]",Clinical,PhD
"[1116, 1176]",Clinical,PhD
"[1331, 1424, 2114, 2519]",Clinical,PhD
"[1323, 1424, 2127, 2519]",Clinical,PhD
"[1344, 1403, 1578, 1619, 1693, 2000, 2463, 2564]",School,PhD
"[1177, 1267, 1274, 1286, 1382, 1387, 1454, 1491, 1629, 1682, 2279, 2538]",Clinical,PhD
"[1267, 1491, 1682]",Clinical,PhD
"[1267, 1491, 1682]",Clinical,PhD
"[1393, 1415, 2259]",Clinical,PsyD
"[1230, 1400, 1415, 1925]",Clinical,PsyD
"[1310, 2000, 2500, 2616]",Counseling,PhD
"[1310, 1624, 2000, 2500, 2544]",Counseling,PhD
"[1173, 1230, 2547]",Clinical,PhD
"[1162, 1902, 2324, 2102]",Clinical,PsyD
"[1143, 1162]",Clinical,PsyD
"[1103, 1116]",Clinical,PsyD
"[1162, 1173, 1176, 2035, 2114, 2308, 2457, 2463]",Clinical,PsyD
"[1219, 1474]",Clinical,PsyD
"[1474, 1986]",Clinical,PsyD
"[1491, 2391]",Clinical,PsyD
"[1115, 1117]",Clinical,PsyD
"[1160, 1568, 1750, 2196]",Clinical,PsyD
"[1160, 1568, 1569, 1586, 1588, 1590, 2152]",Clinical,PsyD
"[1459, 2506]",Clinical,PhD
"[1476, 2013]",Clinical,PhD
"[1323, 1329, 1450, 1451, 1465, 1476]",Clinical,PhD
"[1117, 1165, 1166, 1183]",Clinical,PhD
"[1183, 2343]",Clinical,PsyD
"[1773, 2221]",Clinical,PsyD
"[1306, 1948]",Clinical,PhD
"[1109, 1137]",Clinical,PsyD
"[1135, 1329, 2285]",Clinical,PhD
"[1183, 1230, 1323, 1329, 1420, 1465, 1521, 1577]",Clinical,PhD
"[1317, 1619]",Clinical,PhD
"[1294, 1619]",Clinical,PhD
"[1115, 1176]",Counseling,PhD
"[1115, 1176]",Counseling,PhD
"[1230, 1331, 1337]",Clinical,PhD
"[1230, 1323]",Clinical,PhD
"[1165, 1146, 2052]",Clinical,PsyD
"[1322, 1325]",Counseling,PhD
"[1847, 1865, 1884, 1877]",School,PhD
"[1115, 1183]",Counseling,PhD
"[1176, 1183]",Counseling,PhD
"[1383, 1551]",Clinical,PhD
"[1414, 2623]",Clinical,PhD
"[1177, 1511]",Counseling,PhD
"[1551, 2371, 1413, 1628]",Clinical,PhD
"[1116, 1149]",Clinical,PsyD
"[1275, 2168, 2301, 1230, 2306]",Counseling,PhD
"[1275, 1504, 1621]",Counseling,PhD
"[1275, 1621]",Counseling,PhD
"[1266, 2413]",Counseling,PhD
"[1621, 1628]",Counseling,PhD
"[1627, 2556]",Clinical,PsyD
"[1137, 1173]",Clinical,PsyD
"[1117, 1231]",Clinical,PsyD
"[1137, 1328]",Clinical,PsyD
"[2457, 1306]",Clinical,PhD
"[1173, 2457, 1257]",Clinical,PhD
"[1334, 1479]",Clinical,PsyD
"[1331, 2574]",Clinical,PsyD
"[1650, 1678]",Clinical,PhD
"[1176, 1678, 2059, 2537]",Clinical,PhD
"[2044, 2255]",Clinical,PhD
"[1183, 1331]",Clinical,PhD
"[1191, 1350]",Counseling,PhD
"[1967, 1213]",Counseling,PsyD
"[1624, 1961]",Counseling,PhD
"[1109, 1201]",Clinical,PsyD
"[1112, 1220]",Clinical,PsyD
"[1437, 1552, 1591, 1553]",Clinical,PhD
"[1536, 2266]",Counseling,PhD
"[1111, 2624]",Counseling,PhD
"[1267, 1629]",Counseling,PhD
"[1267, 1350]",Counseling,PhD
"[1722, 2029]",Clinical,PsyD
"[1320, 1604, 1606]",Clinical,PsyD
"[1476, 1678, 2136, 2157, 2463]",Clinical,PsyD
"[1678, 2136]",Clinical,PsyD
"[1165, 1380, 1146, 1187]",Clinical,PhD
"[1153, 1380]",Clinical,PhD
"[1139, 1453, 1115, 1165, 1310, 1323, 1328, 1334, 1341, 1442, 1458, 1459, 1482, 1502, 1511, 1568, 1582, 1588, 1594, 1659, 1669, 1673, 1796, 1832, 1836, 1855, 1860, 1862, 1863, 1925, 2013, 2114, 2514, 2537, 2574, 2627, 2633, 2643, 1184, 2022]",School,PhD
"[1812, 1862, 1882, 1830]",Clinical,PhD
"[1596, 1601]",Clinical,PsyD
"[1187, 1213]",Clinical,PhD
"[1197, 1503, 1509, 1538]",Clinical,PhD
"[1213, 1509]",Clinical,PhD
"[1213, 1306]",School,PhD
"[1213, 1306]",School,PhD
"[1908, 1925, 2424, 2430]",Clinical,PsyD
"[1551, 1326]",Clinical,PhD
"[1678, 2136]",Clinical,PhD
"[1621, 1623, 1183, 1323, 1840, 1902, 2013, 1443]",Clinical,PhD
"[1331, 1424]",Clinical,PsyD
"[1125, 1383]",Counseling,PsyD
"[1125, 1268, 1383]",Counseling,PsyD
"[1596, 2634]",Clinical,PsyD
"[1455, 1463, 1481, 2337, 2347]",School,EdD
"[1416, 2455]",School,PhD
"[1268, 1383]",Counseling,PsyD
"[1117, 1536]",Clinical,PhD
"[1551, 1552]",Clinical,PhD
"[1174, 1173, 1175, 1619, 2306]",Clinical,PhD
"[1551, 1552, 1134, 1619]",Clinical,PhD
"[1125, 1551, 1552, 1329, 1134, 1619]",Clinical,PhD
"[1123, 1569, 1678, 2057, 2136]",Clinical,PsyD
"[1123, 1678, 2136]",Clinical,PsyD
"[1173, 1373]",Clinical,PsyD
"[1173, 1605]",Clinical,PsyD
"[1141, 1446, 1623]",Clinical,PsyD
"[2136, 2157]",Clinical,PsyD
"[1187, 2463]",Clinical,PsyD
"[1640, 1910]",Counseling,PhD
"[1640, 1910]",Counseling,PhD
"[1323, 1464]",Clinical,PhD
"[1476, 1624]",Clinical,PhD
"[1370, 1420, 1577, 2294, 2345]",Clinical,PsyD
"[1370, 1939]",Clinical,PsyD
"[1186, 1621, 2066, 1180, 1465, 1650, 2013, 1413, 1443, 1982]",Clinical,PhD
"[1176, 2266, 1184]",Counseling,PhD
"[1322, 1325, 1440, 1446, 1183, 1329, 1331, 1334, 1450, 1479]",Counseling,PhD
"[1994, 2308]",Clinical,PhD
"[1163, 1173]",Clinical,PhD
"[1183, 1263]",Clinical,PsyD
"[1137, 1164]",Clinical,PsyD
"[1267, 1327, 1326]",Counseling,PhD
"[1752, 2282]",Clinical,PsyD
"[1177, 1201, 1226, 1350, 1355, 1606, 1612, 1620, 1649, 1751, 1752, 2057, 2072, 2127, 2239, 2282, 2538]",Clinical,PsyD
"[1322, 1440, 1479]",Counseling,PhD
"[1465, 1479]",Counseling,PhD
"[1322, 1440]",Counseling,PhD
"[1382, 1412]",Counseling,PhD
"[1370, 2530]",Counseling,PhD
"[1370, 2530]",Counseling,PhD
"[1132, 1370]",Counseling,PhD
"[1132, 1370]",School,PhD
"[1143, 1181, 1251]",Clinical,PsyD
"[1139, 1347, 1388, 1453, 1480, 2349, 1103, 1110, 1111, 1115, 1132, 1143, 1982]",Clinical,PsyD
"[1350, 1620]",Clinical,PsyD
"[1360, 1629]",Clinical,PsyD
"[2196, 2260]",Clinical,PsyD
"[2237, 2266, 2519]",Clinical,PhD
"[1267, 1274, 1382, 1387, 2308]",Clinical,PsyD
"[1176, 1177, 1286, 1289, 1369, 2063, 2312]",Counseling,PhD
"[1334, 1432]",Clinical,PsyD
"[1103, 1137]",Counseling,PhD
"[1137, 1328]",Counseling,PhD
"[1329, 1330]",Clinical,PhD
"[1347, 1551]",Clinical,PhD
"[1329, 1536]",Clinical,PhD
"[1185, 1322]",Counseling,PhD
"[1832, 1876]",Clinical,PhD
"[1832, 1862, 1876]",Clinical,PhD
"[1551, 1323]",Clinical,PhD
"[1430, 1727]",Clinical,PsyD
"[1266, 1413, 2413]",Clinical,PhD
"[1126, 1440, 1180, 1457, 1495]",Clinical,PsyD
"[1329, 1331, 1420, 1450, 1490]",Counseling,PhD
"[1165, 1650]",School,PhD
"[1752, 2013, 2543]",Clinical,PsyD
"[1180, 1479]",Clinical,PhD
"[1416, 2479]",School,PsyD
"[1416, 2255]",School,PsyD
"[1139, 1137, 1153, 1162, 1146, 1171, 1948, 2110]",Clinical,PsyD
"[1424, 2575]",Clinical,PsyD
"[1183, 1331, 1669]",Clinical,PhD
"[1183, 2519]",Clinical,PhD
"[1230, 1323, 1329, 1536, 2285, 2519]",Clinical,PhD
"[1105, 1225, 1275, 1359, 1383, 1437, 1504, 1583, 1671, 2173]",Clinical,PhD
"[1225, 1583]",Clinical,PhD
"[1230, 1577]",Clinical,PhD
"[1230, 1577, 2127]",Clinical,PhD
"[1453, 1455]",Clinical,PsyD
"[1138, 1163]",Clinical,PsyD
"[1138, 1163]",Clinical,PsyD
"[1138, 1163]",Clinical,PsyD
"[2255, 2479]",School,PsyD
"[2255, 2324]",School,PsyD
"[1165, 2457]",Clinical,PsyD
"[1129, 1138, 1527]",Clinical,PhD
"[1125, 1129, 1138, 1141, 1163, 1325, 1437, 1455]",Clinical,PhD
"[1329, 1459, 2237, 2519, 1475]",Clinical,PhD
"[1329, 1459, 2237, 2519]",Clinical,PhD
"[1506, 2447, 1727, 2318]",School,PhD
"[1506, 2447, 1727, 2318]",School,PhD
"[1430, 1432, 2013]",Clinical,PsyD
"[1197, 1465, 1538]",Clinical,PsyD
"[1125, 1129, 1138, 1139, 1163]",Clinical,PhD
"[1137, 1165, 1146, 1213, 1257, 1265, 1509, 2629]",Counseling,PhD
"[1334, 1459, 1476, 1479, 1257]",Counseling,PhD
"[1183, 1460, 2254]",Clinical,PhD
"[1180, 1199, 1336, 1460, 2254, 2532]",Clinical,PhD
"[1180, 1199, 2254]",Clinical,PhD
"[1328, 1601]",Clinical,PsyD
"[1125, 1129, 1138, 1174, 1437, 1621, 1671]",Clinical,PhD
"[1129, 1138, 1141, 1174, 1527, 1671]",Clinical,PhD
"[1650, 1362]",Clinical,PhD
"[1380, 1381]",Clinical,PhD
"[1132, 1223, 1416]",School,PhD
"[1451, 2013]",Counseling,PhD
"[1329, 2324]",Clinical,PhD
"[1323, 2180]",Clinical,PhD
"[1323, 1329, 2180]",Clinical,PhD
"[1560, 1796, 1171, 1509, 1538, 1601, 1948, 2110, 2410]",Clinical,PhD
"[1495, 2279]",Clinical,PhD
"[1201, 1477, 1492, 2279]",Clinical,PhD
"[1137, 1197]",School,PhD
"[1197, 2266]",School,PhD
"[1640, 2063]",Clinical,PhD
"[1519, 2063]",Clinical,PhD
"[1244, 2066]",Clinical,PhD
"[1149, 1211]",Clinical,PhD
"[1552, 2463]",Clinical,PhD
"[1223, 2063, 2451]",Counseling,PhD
"[1223, 1411, 1750]",Counseling,PhD
"[1347, 1357, 1359, 1361, 1496, 1543, 1583, 1614, 1634, 1741]",Clinical,PhD
"[1308, 1752]",Counseling,PhD
"[1105, 1198, 1322, 1357, 1529, 1671]",Clinical,PsyD
"[1244, 2066]",Clinical,PhD
"[1244, 2066]",Clinical,PhD
"[1986, 2321]",Clinical,PhD
"[2035, 2180, 2525]",Clinical,PsyD
"[1355, 1649]",Clinical,PsyD
"[1193, 1621]",Clinical,PhD
"[1191, 1413]",Counseling,PhD
"[1552, 1639]",Clinical,PhD
"[1458, 1605, 1184, 1373]",Clinical,PsyD
"[1174, 1193, 1220, 1244, 1508, 1527, 1621]",Clinical,PsyD
"[1323, 1329]",Clinical,PhD
"[1165, 1180, 1183, 1329, 1331, 1521]",Clinical,PhD
"[1136, 1350]",Counseling,PhD
"[1141, 1156, 1186, 1193, 1244, 1275, 1322, 1325, 1446, 1623]",Clinical,PsyD
"[1174, 1401, 1437, 1555, 1573, 1587, 2067, 2171, 2206, 2302, 2400]",Clinical,PhD
"[1359, 1552, 1621, 1846, 1619]",Clinical,PhD
"[1474, 1475]",Clinical,PhD
"[1323, 1412, 1459, 2013]",Clinical,PhD
"[1164, 1184]",School,PsyD
"[1334, 1326]",Clinical,PhD
"[1334, 1326]",Clinical,PhD
"[1126, 1129, 1359, 1365]",Clinical,PhD
"[1355, 1778, 2057, 2072]",Clinical,PsyD
"[1420, 2519]",Clinical,PhD
"[1329, 1536]",Clinical,PhD
"[1325, 1414]",Clinical,PhD
"[1105, 1180, 1536, 1577, 1637]",Clinical,PhD
"[1105, 1543, 1552, 1614, 1637, 2321]",Clinical,PhD
"[1362, 2556]",School,PhD
"[1263, 1329]",Clinical,PhD
"[2391, 1538]",Clinical,PsyD
"[1132, 2285]",School,PsyD
"[2255, 2285]",School,PsyD
"[1132, 2285, 2318]",School,PsyD
"[1132, 2285, 2530]",School,PsyD
"[2044, 2531]",School,PhD
"[2044, 2531]",School,PhD
"[1184, 1509]",School,PhD
"[1173, 1183]",Clinical,PhD
"[1414, 1527]",Clinical,PhD
"[1173, 1308]",Clinical,PhD
"[1125, 1126, 1129, 1141, 1147, 1156]",Clinical,PhD
"[1143, 1605]",Clinical,PsyD
"[1147, 1552]",Clinical,PhD
"[1103, 1447, 1560, 1771, 2545]",School,PsyD
"[1137, 1197]",Clinical,PsyD
"[1109, 1118]",Clinical,PsyD
"[1347, 1430]",School,PhD
"[1430, 1432]",School,PhD
"[1430, 1432]",School,PhD
"[1908, 1257]",Counseling,PhD
"[1123, 1135]",Counseling,PhD
"[1323, 1329, 1331]",Counseling,PhD
"[1360, 1370]",Clinical,PhD
"[1116, 1135, 2019]",Clinical,PsyD
"[1135, 1160, 2019]",Clinical,PsyD
"[2091, 1500]",Counseling,PhD
"[1354, 2034]",Counseling,PhD
"[1380, 2276]",Counseling,PhD
"[1197, 1796, 1306]",Clinical,PsyD
"[2297, 1982, 2463]",Clinical,PsyD
"[1143, 2055]",Clinical,PsyD
"[1137, 1197, 1380, 2266]",Clinical,PsyD
"[1165, 1197]",Clinical,PsyD
"[1125, 1621]",Counseling,PhD
"[1620, 1750]",Counseling,PhD
"[1125, 1573]",Counseling,PhD
"[2149, 2487]",Clinical,PsyD
"[1442, 1925, 2237, 2527, 2545, 1146]",Clinical,PsyD
"[1233, 2066]",Counseling,PhD
"[1440, 1663]",Counseling,PhD
"[1619, 2294]",School,PhD
"[2535, 1577, 2254, 2324, 1280]",Counseling,PhD
"[1536, 1329]",Clinical,PhD
"[1440, 1663]",Counseling,PhD
"[1230, 1329]",Clinical,PhD
"[1183, 1184, 1347]",Clinical,PhD
"[1183, 1184, 1347]",Clinical,PhD
"[2474, 2203, 2361, 1416, 2044, 1444, 1153, 2293]",Clinical,PsyD
"[1153, 1444]",Clinical,PsyD
"[1360, 2495]",Clinical,PhD
"[1191, 1196]",Clinical,PhD
"[2180, 1380]",Counseling,PhD
"[1103, 2564, 1727, 1162, 1525, 2463, 1627, 1171]",School,PhD
"[1817, 1863]",Counseling,PhD
"[1337, 2519, 1230]",Clinical,PhD
"[1191, 1230, 1337, 2157, 2595]",Clinical,PhD
"[1132, 1482]",School,PhD
"[1443, 2110]",School,PsyD
"[2110, 1443]",School,PsyD
"[2110, 1443, 1475]",School,PsyD
"[1551, 1552]",Clinical,PhD
"[1551, 1552, 1265]",Clinical,PhD
"[1551, 1552]",Clinical,PhD
"[1306, 1982]",Clinical,PsyD
"[1263, 1846, 1183]",Clinical,PsyD
"[1846, 1263, 1183]",Clinical,PsyD
"[1846, 1183, 1263]",Clinical,PsyD
"[1312, 1504, 1174]",Clinical,PhD
"[1174, 2306, 1230, 1504]",Clinical,PhD
"[1334, 1471]",Clinical,PhD
"[1350, 1267]",Counseling,PhD
"[1137, 1165]",Clinical,PhD
"[1416, 2149]",School,PhD
"[1416, 2149]",School,PhD
"[1986, 1474]",Clinical,PsyD
"[1274, 2462]",Clinical,PsyD
"[1146, 1306]",Clinical,PhD
"[1174, 1383]",Counseling,PsyD
"[1174, 1383]",Counseling,PsyD
"[1847, 1801, 1865]",Clinical,PhD
"[1620, 2117, 1682, 1612, 1606]",Counseling,PhD
"[2207, 2080]",Counseling,PsyD
"[1796, 2294]",Clinical,PsyD
"[1213, 2285, 2391]",Clinical,PsyD
"[1125, 1126, 1129, 1138, 1163, 1388, 1389, 2340, 1399, 1148, 1139, 1123]",Clinical,PhD
"[1125, 1126, 1129, 1138, 1123, 1389, 1388, 2340, 1399, 1163, 1139, 1148]",Clinical,PhD
"[1141, 1155]",Counseling,PhD
"[1350, 1117]",Counseling,PhD
"[1311, 2347, 2126]",Counseling,PhD
"[1334, 1577]",Clinical,PhD
"[1108, 1104]",Counseling,PhD
"[1312, 1359, 1361, 1529, 1543, 1634, 2168, 2172]",Clinical,PhD
"[1902, 1326]",Clinical,PsyD
"[1902, 1326]",Clinical,PsyD
"[1326, 1902]",Clinical,PsyD
"[1902, 1337]",Clinical,PsyD
"[1326, 1902]",Clinical,PsyD
"[1902, 1331]",Clinical,PsyD
"[1902, 1337]",Clinical,PsyD
"[2421, 1132, 1865]",School,PhD
"[2421, 1132, 1865]",School,PhD
"[1257, 1509]",School,PhD
"[1593, 2072]",Counseling,PsyD
"[2221, 2170]",Clinical,PsyD
"[2034, 2000]",Clinical,PsyD
"[1515, 1612]",Clinical,PhD
"[2465, 1599]",Clinical,PsyD
"[1678, 2511]",Clinical,PhD
"[1420, 1329]",Clinical,PhD
"[1105, 1112]",Clinical,PsyD
"[2454, 1407, 1149, 1627]",Clinical,PhD
"[1407, 1627, 1149, 1624]",Clinical,PhD
"[1197, 1538]",School,PhD
"[1792, 1153]",Clinical,PsyD
"[2556, 2537, 1902]",School,PhD
"[1186, 1335]",Clinical,PhD
"[1757, 1180, 1329]",Clinical,PsyD
"[2074, 2341]",Clinical,PhD
"[1294, 1359]",Clinical,PhD
"[1117, 1177]",Counseling,PhD
"[1143, 1596]",Clinical,PsyD
"[1479, 1180, 1327, 1471]",Clinical,PhD
"[1471, 1479, 1180, 1327]",Clinical,PhD
"[1612, 2312]",Counseling,PhD
"[1350, 2312, 1612]",Counseling,PhD
"[1306, 1184]",School,PhD
"[1184, 1306]",School,PhD
"[1267, 1274, 1277]",Counseling,PhD
"[1350, 1778]",Counseling,PhD
"[1503, 1538]",Clinical,PhD
"[1105, 1225, 1275, 1359, 1383]",Clinical,PhD
"[1329, 1503]",Clinical,PhD
"[1551, 1325, 2371, 1323, 1186]",Clinical,PhD
"[1551, 1323, 2371, 1186, 2617, 1325]",Clinical,PhD
"[1413, 1414]",Clinical,PhD
"[1153, 2114, 2553]",Clinical,PsyD
"[2288, 2261]",Clinical,PhD
"[2222, 1201, 1219]",Counseling,PhD
"[1219, 2222]",Counseling,PhD
"[1474, 1867]",Clinical,PsyD
"[1474, 1867]",Clinical,PsyD
"[1325, 1423]",Clinical,PhD
"[1297, 1299]",Clinical,PsyD
"[1359, 1219]",Clinical,PsyD
"[1778, 2172]",Clinical,PsyD
"[1778, 2172]",Clinical,PsyD
"[2172, 1778]",Clinical,PsyD
"[2172, 1359]",Clinical,PsyD
"[1475, 1328]",School,PhD
"[1551, 1383, 1325, 1359]",Clinical,PhD
"[1525, 1509]",Clinical,PhD
"[1619, 1682]",Clinical,PhD
"[1954, 1588]",Clinical,PhD
"[1380, 1792]",Clinical,PhD
"[1948, 1257]",Clinical,PhD
"[1424, 1458, 1459, 1460, 1464, 1465]",Clinical,PhD
"[1465, 2013, 1479]",Counseling,PhD
"[1137, 1771, 2463]",Clinical,PhD
"[1536, 1187]",School,PhD
"[1197, 1538]",Clinical,PhD
"[1334, 1413]",School,PhD
"[2022, 1184]",School,PhD
"[1109, 1223, 1293, 1360]",Clinical,PhD
"[2009, 1961]",Counseling,PhD
"[2009, 1961]",Counseling,PhD
"[1540, 1436, 2543]",Counseling,PsyD
"[2463, 1459]",Clinical,PhD
"[2514, 1752]",Clinical,PhD
"[1275, 1634, 1629]",Clinical,PhD
"[1184, 1306]",School,PhD
"[1840, 2495, 1454, 1536, 1620]",Clinical,PhD
"[1326, 1840]",Clinical,PhD
"[1635, 1722, 2090, 2456]",Counseling,PhD
"[1311, 2126, 1312]",Counseling,PhD
"[2565, 1538, 1213, 1197]",Clinical,PsyD
"[2066, 1604, 1235]",Clinical,PsyD
"[1286, 1454, 1350, 1301]",Counseling,PhD
"[1621, 1414, 1413, 1619]",Clinical,PhD
"[1230, 1268]",Clinical,PhD
"[1267, 1491, 1629]",Clinical,PhD
"[1323, 1329]",Clinical,PhD
"[1474, 1867]",Clinical,PsyD
"[1137, 1165, 1329]",Clinical,PhD
"[2407, 1388]",Clinical,PsyD
"[1801, 1812]",Clinical,PhD
"[1812, 1801, 1802, 1865]",Clinical,PhD
"[1812, 1865, 1802, 1801]",Clinical,PhD
"[1812, 1801, 1802, 1865]",Clinical,PhD
"[1197, 1556, 1503, 1509]",Clinical,PhD
"[1268, 1383]",Counseling,PhD
"[1799, 1477, 1492, 1785, 2384, 1196, 1536, 1547, 1907, 2116, 2178, 2260]",School,PhD
"[1682, 1350]",Counseling,PhD
"[1682, 1350]",Counseling,PhD
"[1792, 1380, 2151]",Clinical,PsyD
"[2000, 2034]",Counseling,PsyD
"[1645, 1650]",Clinical,PhD
"[2215, 1621]",Clinical,PsyD
"[2215, 1621, 2237]",Clinical,PsyD
"[2215, 2237, 1621]",Clinical,PsyD
"[1125, 1112]",Clinical,PsyD
"[2215, 2237]",Clinical,PsyD
"[1334, 1331]",Clinical,PsyD
"[1334, 1331]",Clinical,PsyD
"[2237, 1588]",Clinical,PsyD
"[1183, 1334, 2324, 1325]",Clinical,PhD
"[1183, 1334]",Clinical,PhD
"[1129, 1126, 1147, 1163, 1198, 1225, 1268, 1357, 1359, 1529, 1573, 1671, 2069, 2461]",Clinical,PsyD
"[1176, 1682, 2519, 2340]",Counseling,PhD
"[1682, 2519]",Counseling,PhD
"[1350, 1136]",Counseling,PhD
"[2095, 1678]",Clinical,PsyD
"[1678, 2095]",Clinical,PsyD
"[1678, 2095]",Clinical,PsyD
"[1323, 1476]",Clinical,PsyD
"[1198, 1225]",Clinical,PsyD
"[2157, 1148]",Clinical,PsyD
"[2026, 2415]",Clinical,PsyD
"[2407, 1583]",Clinical,PhD
"[1111, 1219, 1230, 2468]",Clinical,PhD
"[1173, 1183, 1323, 1329, 2324]",Clinical,PhD
"[1143, 1137]",Clinical,PhD
"[1143, 1148]",Clinical,PhD
"[1103, 1116]",Clinical,PhD
"[1599, 1413]",Clinical,PhD
"[1225, 1325]",Clinical,PhD
"[1637, 1403]",Clinical,PhD
"[2304, 1298, 2144, 2447, 2288, 1283, 1292]",Clinical,PsyD
"[1298, 2304, 2288, 2144, 1292, 2447, 1283]",Clinical,PsyD
"[1147, 1325, 1323]",Clinical,PhD
"[1986, 2624]",Clinical,PhD
"[1479, 1471, 1180]",Clinical,PhD
"[1180, 1479, 1471]",Clinical,PhD
"[1180, 1471, 1479]",Clinical,PhD
"[1413, 1125, 1552]",Clinical,PhD
"[1323, 1329, 1327]",Clinical,PhD
"[1771, 1984, 2114, 2308, 2406, 1982, 2463]",Clinical,PsyD
"[2468, 1495]",Clinical,PhD
"[1751, 2279]",Clinical,PsyD
"[2158, 2380]",Clinical,PsyD
"[1267, 1274]",Clinical,PsyD
"[1310, 1329]",Counseling,PhD
"[1186, 1325]",Clinical,PhD
"[1137, 1323]",Clinical,PsyD
"[1322, 1508]",Clinical,PsyD
"[2279, 1640]",Clinical,PsyD
"[1741, 2300]",Clinical,PsyD
"[1138, 1129, 1139, 1125, 1163, 1198, 1207, 1220, 1225, 2221]",Clinical,PhD
"[1347, 1103, 1143, 1341]",Clinical,PsyD
"[1105, 1280]",Clinical,PhD
"[1496, 2330]",Clinical,PsyD
"[1551, 1125]",Clinical,PhD
"[1827, 1817, 1839, 1880, 1863, 1837, 1809, 1807, 2369]",Clinical,PhD
"[2474, 2293, 2361, 2044]",Clinical,PsyD
"[1213, 2410, 2499]",School,PhD
"[1573, 1481]",Clinical,PsyD
"[1409, 1294]",Clinical,PhD
"[1359, 1552]",Clinical,PhD
"[1184, 1306, 1536]",School,PhD
"[1187, 1334, 2463]",School,PhD
"[1144, 1149]",Clinical,PsyD
"[1266, 1551, 1265, 1619, 1323, 1329, 1155, 1464, 1466, 1544, 1420, 1183, 2380, 1552, 1492]",Clinical,PhD
"[1551, 1183]",Clinical,PhD
"[2215, 2237, 1443]",Clinical,PsyD
"[1474, 1986, 2624]",Counseling,PhD
"[1627, 1908]",Clinical,PsyD
"[1627, 1393, 1908]",Clinical,PsyD
"[1111, 1948, 2052, 1585, 1693]",Clinical,PhD
"[1129, 1134]",Clinical,PhD
"[1129, 1134]",Clinical,PhD
"[1143, 1334, 1432, 1605, 1692]",Clinical,PsyD
"[1213, 1306]",School,PhD
"[1213, 1306, 1184]",School,PhD
"[1224, 1213, 1306]",School,PhD
"[1383, 1792, 1264, 1275]",Counseling,PsyD
"[1663, 1419, 1320]",Counseling,PhD
"[1663, 1419, 1320]",Counseling,PhD
"[2136, 1160, 1135, 1123]",Counseling,PsyD
"[1174, 1331]",Counseling,PsyD
"[1283, 1436]",Clinical,PhD
"[1184, 1465]",Clinical,PhD
"[1283, 2463, 1328]",Clinical,PhD
"[1230, 1344]",Clinical,PhD
"[2627, 1155, 2196, 1156]",Clinical,PhD
"[1750, 1621]",Counseling,PhD
"[1166, 2063]",Counseling,PhD
"[1230, 1409]",Counseling,PhD
"[2110, 2556]",School,PhD
"[2479, 2556]",School,PhD
"[1323, 1619, 1551]",Clinical,PhD
"[1165, 1551, 1902, 1146, 1330, 1153, 2457, 1125]",Clinical,PhD
"[1306, 2454]",Clinical,PsyD
"[1637, 1349]",Clinical,PsyD
"[2512, 2369, 1509, 1306]",School,PhD
"[1529, 1125]",Clinical,PhD
"[1475, 2173]",Clinical,PsyD
"[1474, 1344, 1982, 1986, 1134, 1475, 1331]",Clinical,PsyD
"[1948, 2110]",Clinical,PhD
"[1948, 2110]",Clinical,PhD
"[1183, 1347, 1465, 1432, 1330, 1334, 2479, 1329, 1184, 1443, 2013, 1458]",Clinical,PhD
"[1330, 1184]",School,PhD
"[1117, 1123, 1726, 1160, 1161, 1136]",Counseling,PsyD
"[1492, 1542]",Counseling,PsyD
"[2215, 2575, 2237]",Clinical,PsyD
"[2237, 2575, 2215, 1623, 1621]",Clinical,PsyD
"[2566, 1692]",Counseling,PhD
"[1257, 1329, 1266, 1551]",Clinical,PhD
"[1551, 1266]",Clinical,PhD
"[2294, 1577, 1420, 2321]",Clinical,PsyD
"[1135, 1115, 1117]",Counseling,PsyD
"[1280, 1152]",Clinical,PsyD
"[1540, 1692]",Clinical,PsyD
"[1540, 1436]",Counseling,PsyD
"[1540, 1543]",Counseling,PsyD
"[1540, 1173]",Counseling,PsyD
"[1854, 1818, 1830, 1832]",Clinical,PhD
"[1830, 1818, 1854]",Clinical,PhD
"[2117, 2613, 1618, 2127, 1620, 2196, 1751, 1161, 2133]",Clinical,PhD
"[1767, 1212]",Clinical,PsyD
"[1173, 1364, 1174]",Clinical,PhD
"[1125, 1129, 1163]",Clinical,PsyD
"[1165, 1139, 1156, 1141, 1147, 1162]",Clinical,PhD
"[1329, 1325, 1174]",Clinical,PhD
"[1174, 1329, 1325, 2069, 1322, 1323]",Clinical,PhD
"[1692, 1217]",Clinical,PhD
"[2221, 1453]",Clinical,PsyD
"[2468, 1572, 1337]",Counseling,PhD
"[1577, 1692]",Counseling,PhD
"[1264, 1383]",Counseling,PsyD
"[2468, 1495]",Clinical,PhD
"[1224, 1548]",School,PhD
"[1548, 1184]",School,PhD
"[1180, 1327, 1479]",Clinical,PhD
"[1180, 1479, 1440, 1471]",Clinical,PhD
"[1540, 1577, 1552, 1413, 1323, 1380, 1459, 1383]",Clinical,PhD
"[1108, 1624]",Clinical,PsyD
"[1552, 1306]",School,PhD
"[1306, 1538]",School,PhD
"[1506, 1164, 2479, 2022, 2617, 2591, 2285, 1693, 2506]",School,PhD
"[1257, 1538, 2463, 1509, 2531, 1347, 1184, 1330]",School,PhD
"[2345, 1948]",Clinical,PsyD
"[1171, 1525]",Clinical,PhD
"[1149, 1113]",Clinical,PhD
"[2479, 1693, 2285]",School,PhD
"[1361, 1280, 1365]",Clinical,PsyD
"[1186, 1325]",Clinical,PhD
"[2126, 1311]",Counseling,PhD
"[1629, 1612]",Counseling,PhD
"[2530, 2324, 1578, 2564, 1416, 2528]",School,PhD
"[2324, 2158]",Clinical,PsyD
"[1650, 1213]",School,PhD
"[1621, 1620]",Clinical,PsyD
"[1138, 1134, 1129, 1126, 1709, 1348, 2343]",Clinical,PhD
"[1329, 2519]",Clinical,PhD
"[1495, 1257]",Clinical,PhD
"[1257, 2013, 1495, 1490, 1619, 1171, 1344, 1628]",Clinical,PhD
"[1538, 1330]",School,PhD
"[2324, 2222, 1440]",Counseling,PhD
"[1119, 2297, 2018, 1925, 2637, 1416, 2343, 2487]",Clinical,PsyD
"[1548, 1947, 1213]",School,PhD
"[1184, 1213]",School,PhD
"[1474, 1986, 1134]",Clinical,PhD
"[2556, 1264]",Clinical,PhD
"[1136, 1135]",Clinical,PhD
"[1187, 1796]",Clinical,PhD
"[1111, 2522]",School,PhD
"[1213, 1162]",School,PhD
"[2072, 1477]",Counseling,PsyD
"[1213, 1184, 2463]",School,PhD
"[1746, 1495]",Clinical,PsyD
"[1213, 1330]",Clinical,PhD
"[1650, 1265, 1536]",School,PhD
"[1540, 1106]",Counseling,PsyD
"[1693, 1596, 2022]",School,PhD
"[1165, 1166]",Clinical,PhD
"[1263, 1443, 1183, 1628, 1629, 1267, 1634, 2413]",Clinical,PsyD
"[1183, 1443]",Clinical,PsyD
"[1362, 2447]",Clinical,PhD
"[1269, 1529]",Clinical,PsyD
"[1596, 1693, 2617, 2022, 1498]",School,PhD
"[1328, 1450]",School,PsyD
"[1165, 1263, 2632, 1331, 1451, 2013, 1432, 1536, 1183]",Counseling,PhD
"[1184, 1183]",Counseling,PhD
"[1577, 1568]",Clinical,PhD
"[1816, 1818, 1854, 1815, 1801, 1830]",Clinical,PhD
"[1692, 2095]",Clinical,PhD
"[1620, 2524, 1125]",Counseling,PhD
"[1692, 2263, 2626]",Clinical,PsyD
"[1623, 1619, 1527, 1453]",Clinical,PsyD
"[1902, 2052]",Counseling,PhD
"[1264, 1551]",Clinical,PhD
"[1540, 2375, 1542]",Counseling,PsyD
"[1540, 2375]",Counseling,PsyD
"[1552, 1639]",Clinical,PhD
"[1540, 1173]",Counseling,PsyD
"[1577, 1551]",Clinical,PhD
"[1416, 1925]",School,PsyD
"[2158, 2324]",Clinical,PsyD
"[2146, 2517, 2534]",Clinical,PsyD
"[2454, 1306, 1294]",Clinical,PsyD
"[1837, 1817]",Clinical,PhD
"[1184, 1183, 1634, 1628, 1629, 2313, 1247, 1176, 1682, 1568, 2022, 1432, 1799, 2151, 1877, 1880, 1274, 2413, 2158, 2558, 1323, 1329, 2519, 1330, 2479, 1331, 2577, 1362, 1134, 1166, 1147]",Clinical,PsyD
"[1619, 1437]",Counseling,PhD
"[1165, 1263, 2629]",Counseling,PhD
"[1902, 1137]",Counseling,PhD
"[1902, 1230]",Counseling,PhD
"[1165, 1171]",Clinical,PhD
"[1165, 1171, 1341, 1137, 2457]",Clinical,PhD
"[2493, 1992]",Clinical,PsyD
"[2152, 1572]",Counseling,PhD
"[2095, 1323, 1329, 2110, 1274, 1678]",Clinical,PsyD
"[1922, 1293, 2279, 1720, 1177, 2593, 2260, 1231, 2146, 2012, 1279, 1289, 1277, 2028, 1301, 1799, 1253, 1511, 1568, 1505, 1682, 2505, 1176, 1286, 1267, 1559, 1360, 2063, 1542, 2610, 2152, 2451]",Counseling,PsyD
"[2629, 1801]",Clinical,PsyD
"[1334, 1331, 1329, 1323, 1183, 1325]",Clinical,PhD
"[2455, 1416, 1578, 2530, 1727]",School,PhD
"[1416, 2455, 1578, 2530]",School,PhD
"[2110, 1476, 1264, 1330, 1474, 1134]",Clinical,PsyD
"[2574, 2553]",Clinical,PhD
"[1509, 1373, 1503, 2375, 2297]",Clinical,PhD
"[1503, 2375, 2297, 1509, 1314, 1613, 1373]",Clinical,PhD
"[1503, 2375, 2297, 1509, 2266, 1613]",Clinical,PhD
"[1621, 1619, 2322, 1527, 2323, 1439, 2342, 1594, 1599]",Clinical,PhD
"[2489, 2543]",Clinical,PsyD
"[1547, 2116, 2440]",Counseling,PhD
"[2116, 1547]",Counseling,PhD
"[1547, 1355, 2116, 1226, 2279, 1491, 2538]",Counseling,PhD
"[2407, 1401]",Clinical,PsyD
"[1267, 2313]",Clinical,PhD
"[1327, 2371]",Clinical,PhD
"[1548, 2634, 1173]",Clinical,PsyD
"[2063, 2435]",Counseling,PhD
"[1330, 1551]",Clinical,PhD
"[1173, 1334]",Clinical,PhD
"[1183, 2519]",Clinical,PhD
"[1165, 1137, 1330]",Clinical,PsyD
"[1548, 2404]",Clinical,PsyD
"[1370, 2316, 1948]",School,PhD
"[1204, 1125]",Clinical,PsyD
"[1329, 1551]",Clinical,PhD
"[1191, 1344]",Clinical,PhD
"[1220, 1347, 1193]",Clinical,PhD
"[1948, 1306]",Clinical,PhD
"[1183, 1184, 1480, 2454, 1138, 1753, 1439, 1125, 1621, 1147, 1453, 1156, 1139, 1628, 1619, 2474, 1436, 1381, 1265, 2457, 2556, 1266, 1986, 1383, 2172, 1709, 1344, 1474, 1982]",Counseling,PsyD
"[1837, 1867, 1474, 1344, 1982, 1986]",Clinical,PhD
"[2074, 1837, 1867, 1474, 1344, 1982, 1986]",Clinical,PhD
"[1359, 1183]",Clinical,PhD
"[1407, 2533]",Clinical,PsyD
"[1796, 1967, 1213]",Clinical,PsyD
"[1155, 1753]",Clinical,PhD
"[1359, 2306, 1325, 1329, 1364, 1365, 1125]",Clinical,PhD
"[1359, 1325]",Clinical,PhD
"[2306, 1364, 1359]",Clinical,PhD
"[1420, 1329, 2306, 1265, 1628, 1359, 1125]",Clinical,PhD
"[1440, 1443]",Counseling,PhD
"[1329, 1325, 1323, 1536, 1551, 1266, 1466]",Clinical,PhD
"[2629, 1257]",School,PhD
"[1509, 2629]",School,PhD
"[1536, 1184, 1538, 2479]",School,PhD
"[1832, 1874]",Clinical,PhD
"[1650, 2499]",School,PhD
"[1509, 1503, 1328, 1329]",Clinical,PsyD
"[2012, 1331]",Clinical,PhD
"[1551, 1443, 1323]",Clinical,PhD
"[1551, 1443]",Clinical,PhD
"[1175, 1551]",Clinical,PhD
"[1551, 1134]",Clinical,PhD
"[1443, 1323, 1134, 1536, 1525]",Clinical,PhD
"[1323, 1551]",Clinical,PhD
"[1536, 1551, 1323, 1134, 1443]",Clinical,PhD
"[1551, 1323, 1183, 1329, 1134, 1443, 1266, 1536]",Clinical,PhD
"[1443, 1551, 1331, 1329, 1323, 2266, 1536, 1266, 1134, 1183]",Clinical,PhD
"[1334, 1329, 1323, 1551, 1536, 2266, 1183, 1134, 1266, 1443, 1175, 1230]",Clinical,PhD
"[1619, 1175, 1536, 2266, 1334, 1331, 1330, 2519, 1329, 1323, 1183, 1476, 1551, 1443, 1230, 1134, 1266]",Clinical,PhD
"[1334, 1331, 2519, 1329, 1323, 1184, 1183, 1619, 1230, 2266, 1536, 1551, 1476, 1443, 1134, 1175, 1266, 1465, 1265, 1330]",Clinical,PhD
"[1413, 1536, 1197, 1306, 1187]",Clinical,PhD
"[1165, 1306]",Clinical,PhD
"[2564, 1747]",Clinical,PsyD
"[1350, 1347, 1355]",Clinical,PhD
"[1330, 1551]",Clinical,PhD
"[1551, 1330, 1476, 1465, 1257]",Clinical,PhD
"[1257, 1551]",Clinical,PhD
"[2026, 1125, 1137]",Clinical,PsyD
"[1183, 1490, 1329, 2413, 1440]",Clinical,PhD
"[1414, 2341]",Clinical,PhD
"[1495, 2413]",Clinical,PhD
"[2306, 1490]",Clinical,PhD
"[1184, 1330, 1948, 2255, 2564]",School,PhD
"[1184, 1948]",School,PhD
"[1619, 1551]",Clinical,PhD
"[1405, 1107]",Clinical,PsyD
"[1621, 1325]",Clinical,PhD
"[1551, 1621]",Clinical,PhD
"[1551, 1466]",Clinical,PhD
"[1219, 1230, 2519, 1329]",Clinical,PsyD
"[1165, 1503]",Clinical,PhD
"[1187, 1390, 1328, 2479, 1323, 2410]",Clinical,PhD
"[2519, 1413]",Clinical,PhD
"[2519, 1230]",Clinical,PhD
"[2519, 1230]",Clinical,PhD
"[1235, 1414]",Clinical,PhD
"[1552, 1347]",Clinical,PhD
"[1283, 2564]",Clinical,PsyD
"[1440, 1443, 1551, 1577, 1334, 2602, 1637, 2404, 1465, 2225, 2580, 2508, 1420, 1173, 1230, 2641, 1530, 2519, 1329, 1323, 2301, 1474, 2627, 1344, 2368, 1464, 1475, 2625, 1264, 2151, 1432, 1495, 2552, 1326, 1588, 1266, 2345, 2228, 1134, 1205, 1490, 2499, 2294, 2342, 1639, 1183]",Clinical,PsyD
"[1205, 1134]",Clinical,PsyD
"[1708, 1328]",School,PhD
"[1709, 1413, 1823, 2221]",Clinical,PhD
"[1621, 1709, 1129, 1591, 1413]",Clinical,PhD
"[1165, 2566, 1283, 2629, 1801, 1540]",Counseling,PsyD
"[1165, 1283, 2629, 1801, 1948, 1902, 1171, 1137, 1362, 1146, 1538, 1390]",Counseling,PsyD
"[1184, 1347, 1771, 1465, 1747]",School,PhD
"[1184, 1183, 1347, 1432, 2022, 1747, 1465, 1693, 1613, 1153]",Clinical,PhD
"[1146, 1128, 1997]",Clinical,PsyD
"[1174, 2324, 1225, 1198]",Clinical,PhD
"[1551, 1155]",Clinical,PhD
"[1551, 1155, 1544, 1183]",Clinical,PhD
"[1815, 2013]",Clinical,PsyD
"[1621, 1623, 1527, 2166, 1587, 2575, 2237, 1443, 1453]",Clinical,PsyD
"[1283, 1103, 2294, 1628, 2454]",Clinical,PsyD
"[1283, 1103]",Clinical,PsyD
"[1183, 1266]",Clinical,PhD
"[1184, 1306]",School,PhD
"[1184, 1306, 1538]",School,PhD
"[1165, 1560]",School,PhD
"[1149, 1142]",Clinical,PsyD
"[1149, 1134]",Clinical,PsyD
"[1551, 1325, 1147, 1623]",Counseling,PhD
"[1443, 1329]",Clinical,PhD
"[1235, 2623]",Clinical,PhD
"[1183, 1329]",Clinical,PhD
"[1162, 1217, 1213]",Clinical,PhD
"[1119, 2363, 2343]",Clinical,PsyD
"[2363, 2343]",Clinical,PsyD
"[2363, 2343]",Clinical,PsyD
"[2279, 1751, 1477, 1752]",Clinical,PhD
"[2095, 1278, 2224]",Clinical,PhD
"[1757, 2224, 1327, 2279]",Clinical,PhD
"[1627, 1464]",Counseling,PhD
"[1465, 1230]",Clinical,PhD
"[1422, 2575]",Counseling,PsyD
"[1422, 2072, 2508]",Counseling,PsyD
"[2575, 1422]",Counseling,PsyD
"[1407, 2533]",Clinical,PhD
"[1472, 1149]",Clinical,PsyD
"[1147, 2323]",Clinical,PhD
"[1162, 1540]",Clinical,PhD
"[1162, 1902]",Clinical,PsyD
"[1902, 1162]",Clinical,PsyD
"[1264, 1413]",Clinical,PhD
"[1509, 1409]",Clinical,PhD
"[1437, 1383]",Clinical,PhD
"[1437, 1383]",Clinical,PhD
"[2177, 1358, 1286, 1505]",Clinical,PsyD
"[1440, 1443, 1551, 1577, 1334, 1465, 2225, 2508, 1420, 2110, 1413, 1230, 1530, 1823, 2519, 1329, 1323, 1474, 2575, 2514, 1471, 2368, 2413]",Counseling,PhD
"[2410, 1183, 1490, 1536, 1432, 1430, 2285, 1476, 1458, 2376, 2013, 1459, 2463]",Clinical,PsyD
"[1503, 1538]",Clinical,PhD
"[1551, 1552]",Clinical,PhD
"[2479, 2110]",School,PhD
"[1568, 2282]",Clinical,PhD
"[1306, 2463, 1213, 1224, 1538, 1509]",Clinical,PhD
"[2463, 2564, 1257, 1948, 1306, 1538, 1187, 1503, 1330, 1509, 1184]",School,PhD
"[1778, 1293, 1598]",Counseling,PhD
"[2312, 1274, 1166, 1115, 1135, 1243, 1267, 1350, 1320, 1360, 1650, 2422, 1536, 1620, 2613, 2495]",Counseling,PhD
"[1176, 2440]",Clinical,PhD
"[1330, 1171, 1187, 1323]",Clinical,PhD
"[1330, 1171]",Clinical,PhD
"[1330, 1171, 1538, 1187, 1173, 1323]",Clinical,PhD
"[1551, 1173, 1413, 1329, 1323, 1175, 1359, 1183]",Clinical,PhD
"[1492, 1459, 1481]",Clinical,PsyD
"[1708, 1475, 2330, 1476, 2567]",Counseling,PsyD
"[1223, 2384, 1277, 1492]",Clinical,PsyD
"[2434, 1645, 2413, 1458, 1205, 2651, 2342]",Clinical,PsyD
"[1325, 1623]",Counseling,PhD
"[2297, 1538]",Clinical,PhD
"[1275, 1939]",Clinical,PsyD
"[2387, 1125]",Clinical,PsyD
"[2151, 1275]",Clinical,PsyD
"[2413, 1275]",Clinical,PsyD
"[1275, 2387]",Clinical,PsyD
"[1230, 1264, 2546]",Counseling,PhD
"[1552, 2126]",Counseling,PhD
"[1263, 1278]",Clinical,PsyD
"[2609, 1692]",Clinical,PhD
"[2066, 1198]",Clinical,PsyD
